employee_id,name,primary_skill,secondary_skill,years_experience,certifications,availability_status,current_utilization,location,role,resume_text
EMP0001,Allison Hill,Java,FastAPI,12,Azure-AZ900;ScrumMaster,Available,0.1,Remote,QA Engineer,"12 years working with Java and FastAPI, delivered projects in Healthcare domain."
EMP0002,Noah Rhodes,Machine Learning,Kubernetes,1,AWS-SA,Available,0.51,Cairo,QA Engineer,"1 years working with Machine Learning and Kubernetes, delivered projects in Finance domain."
EMP0003,Angie Henderson,SQL,Kubernetes,4,PMP;GCP-ACE,Allocated,0.01,Dubai,ML Engineer,"4 years working with SQL and Kubernetes, delivered projects in Retail domain."
EMP0004,Daniel Wagner,GCP,Spring,4,AWS-SA;ScrumMaster,Available,0.36,Riyadh,QA Engineer,"4 years working with GCP and Spring, delivered projects in Retail domain."
EMP0005,Cristian Santos,Python,Node.js,8,AWS-SA;CKA;ScrumMaster,Allocated,0.83,London,Cloud Engineer,"8 years working with Python and Node.js, delivered projects in Public Sector domain."
EMP0006,Connie Lawrence,Azure,Node.js,2,Databricks-Associate,Available,0.29,Cairo,Data Engineer,"2 years working with Azure and Node.js, delivered projects in Healthcare domain."
EMP0007,Abigail Shaffer,React,Docker,8,ScrumMaster;GCP-ACE;Azure-AZ900,Available,0.21,Riyadh,Software Engineer,"8 years working with React and Docker, delivered projects in Public Sector domain."
EMP0008,Gina Moore,AWS,Spark,12,Azure-AZ900,Allocated,0.27,Remote,QA Engineer,"12 years working with AWS and Spark, delivered projects in Finance domain."
EMP0009,Gabrielle Davis,Data Engineering,Terraform,13,Azure-AZ900,Allocated,0.81,Bangalore,Cloud Engineer,"13 years working with Data Engineering and Terraform, delivered projects in Healthcare domain."
EMP0010,Ryan Munoz,Azure,Spark,15,GCP-ACE;Azure-AZ900;CKA,Available,0.91,Bangalore,Data Engineer,"15 years working with Azure and Spark, delivered projects in Retail domain."
EMP0011,Monica Herrera,AWS,Spring,12,PMP;GCP-ACE;ScrumMaster,Available,0.58,Riyadh,Data Engineer,"12 years working with AWS and Spring, delivered projects in Finance domain."
EMP0012,Jamie Arnold,SQL,Kubernetes,2,ScrumMaster,Available,0.63,Remote,ML Engineer,"2 years working with SQL and Kubernetes, delivered projects in Public Sector domain."
EMP0013,Lisa Hensley,Java,Kubernetes,7,CKA;PMP;GCP-ACE,On Leave,0.86,Cairo,Software Engineer,"7 years working with Java and Kubernetes, delivered projects in Public Sector domain."
EMP0014,Michele Williams,GCP,Terraform,11,AWS-SA;GCP-ACE,Available,0.45,Remote,Cloud Engineer,"11 years working with GCP and Terraform, delivered projects in Public Sector domain."
EMP0015,Dylan Miller,AWS,Spark,15,ScrumMaster,Allocated,0.84,London,QA Engineer,"15 years working with AWS and Spark, delivered projects in Finance domain."
EMP0016,Brian Ramirez,AWS,Docker,13,PMP,On Leave,0.92,Cairo,QA Engineer,"13 years working with AWS and Docker, delivered projects in Retail domain."
EMP0017,Holly Wood,DevOps,FastAPI,2,ScrumMaster;GCP-ACE,Available,0.24,London,Software Engineer,"2 years working with DevOps and FastAPI, delivered projects in Healthcare domain."
EMP0018,Derek Zuniga,DevOps,Terraform,2,ScrumMaster;Azure-AZ900;Databricks-Associate,Allocated,0.95,Dubai,Cloud Engineer,"2 years working with DevOps and Terraform, delivered projects in Public Sector domain."
EMP0019,Lisa Jackson,Machine Learning,Kubernetes,4,ScrumMaster;Databricks-Associate;Azure-AZ900,Allocated,0.4,Remote,Cloud Engineer,"4 years working with Machine Learning and Kubernetes, delivered projects in Telecom domain."
EMP0020,Carla Gray,SQL,Kubernetes,2,Azure-AZ900,Available,0.02,London,Data Engineer,"2 years working with SQL and Kubernetes, delivered projects in Public Sector domain."
EMP0021,Margaret Hawkins DDS,Azure,FastAPI,2,Databricks-Associate;AWS-SA;Azure-AZ900,Available,0.03,Riyadh,Software Engineer,"2 years working with Azure and FastAPI, delivered projects in Public Sector domain."
EMP0022,Patty Perez,Azure,Docker,11,Azure-AZ900;PMP,Available,0.94,London,QA Engineer,"11 years working with Azure and Docker, delivered projects in Telecom domain."
EMP0023,Ethan Adams,Azure,Terraform,8,Azure-AZ900;AWS-SA,Available,0.43,Bangalore,ML Engineer,"8 years working with Azure and Terraform, delivered projects in Telecom domain."
EMP0024,Tommy Walter,Python,Node.js,11,AWS-SA;ScrumMaster;CKA,Allocated,0.8,Cairo,Data Engineer,"11 years working with Python and Node.js, delivered projects in Finance domain."
EMP0025,Matthew Foster,Azure,Spark,8,CKA,Available,0.46,Cairo,ML Engineer,"8 years working with Azure and Spark, delivered projects in Public Sector domain."
EMP0026,Judy Baker,Java,FastAPI,11,ScrumMaster;AWS-SA;Databricks-Associate,Allocated,0.85,Dubai,ML Engineer,"11 years working with Java and FastAPI, delivered projects in Telecom domain."
EMP0027,Justin Baker,DevOps,Spring,14,AWS-SA;Azure-AZ900,Available,0.99,Riyadh,ML Engineer,"14 years working with DevOps and Spring, delivered projects in Retail domain."
EMP0028,Stephanie Ross,React,Node.js,12,Databricks-Associate;ScrumMaster;CKA,Available,0.3,Cairo,QA Engineer,"12 years working with React and Node.js, delivered projects in Public Sector domain."
EMP0029,Zachary Hicks,Python,Node.js,6,AWS-SA,Allocated,0.5,London,Data Engineer,"6 years working with Python and Node.js, delivered projects in Healthcare domain."
EMP0030,Anthony Rodriguez,SQL,FastAPI,14,AWS-SA,Allocated,0.68,Dubai,ML Engineer,"14 years working with SQL and FastAPI, delivered projects in Healthcare domain."
EMP0031,Rebecca Henderson,Machine Learning,Spring,10,AWS-SA;PMP;ScrumMaster,Available,0.58,London,Cloud Engineer,"10 years working with Machine Learning and Spring, delivered projects in Retail domain."
EMP0032,James Ferrell,Azure,Node.js,12,Azure-AZ900;GCP-ACE,Available,0.67,Riyadh,ML Engineer,"12 years working with Azure and Node.js, delivered projects in Retail domain."
EMP0033,Tricia Valencia,Java,FastAPI,8,PMP;AWS-SA;Databricks-Associate,Allocated,0.51,Dubai,Cloud Engineer,"8 years working with Java and FastAPI, delivered projects in Healthcare domain."
EMP0034,Nathan Maldonado,Azure,Docker,5,CKA,Allocated,0.7,London,QA Engineer,"5 years working with Azure and Docker, delivered projects in Healthcare domain."
EMP0035,Debra Davidson,SQL,Docker,15,AWS-SA;Azure-AZ900;GCP-ACE,Available,0.11,London,Data Engineer,"15 years working with SQL and Docker, delivered projects in Retail domain."
EMP0036,Jeffrey Chavez,GCP,Spark,4,GCP-ACE;Azure-AZ900;ScrumMaster,Allocated,0.25,Cairo,Software Engineer,"4 years working with GCP and Spark, delivered projects in Telecom domain."
EMP0037,Sherri Baker,GCP,FastAPI,1,ScrumMaster;Azure-AZ900,Allocated,0.26,Remote,ML Engineer,"1 years working with GCP and FastAPI, delivered projects in Public Sector domain."
EMP0038,Cassandra Gaines,React,Spark,1,AWS-SA,Allocated,0.69,Dubai,QA Engineer,"1 years working with React and Spark, delivered projects in Healthcare domain."
EMP0039,Elizabeth Fowler,Data Engineering,Spark,9,CKA,Available,0.31,Cairo,Cloud Engineer,"9 years working with Data Engineering and Spark, delivered projects in Finance domain."
EMP0040,Brittany Farmer,Azure,Node.js,2,ScrumMaster;PMP,Allocated,0.41,London,Data Engineer,"2 years working with Azure and Node.js, delivered projects in Finance domain."
EMP0041,Paula Moreno,AWS,Terraform,13,CKA,Available,0.74,Riyadh,ML Engineer,"13 years working with AWS and Terraform, delivered projects in Finance domain."
EMP0042,Fred Smith,GCP,Spring,13,AWS-SA;CKA;ScrumMaster,Allocated,0.22,Bangalore,Cloud Engineer,"13 years working with GCP and Spring, delivered projects in Retail domain."
EMP0043,Sherry Decker,Azure,Spring,1,Azure-AZ900;CKA;GCP-ACE,Available,0.07,Riyadh,Cloud Engineer,"1 years working with Azure and Spring, delivered projects in Public Sector domain."
EMP0044,Anthony Humphrey,React,Node.js,14,GCP-ACE;AWS-SA;Databricks-Associate,Allocated,0.26,London,Cloud Engineer,"14 years working with React and Node.js, delivered projects in Healthcare domain."
EMP0045,Angelica Tucker,Java,Spark,7,Databricks-Associate;GCP-ACE,Available,0.98,Cairo,ML Engineer,"7 years working with Java and Spark, delivered projects in Public Sector domain."
EMP0046,Philip Cannon,Azure,Docker,1,CKA;AWS-SA;PMP,Allocated,0.54,Remote,Data Engineer,"1 years working with Azure and Docker, delivered projects in Retail domain."
EMP0047,John Pierce,React,FastAPI,11,PMP;GCP-ACE,Allocated,0.12,Riyadh,QA Engineer,"11 years working with React and FastAPI, delivered projects in Retail domain."
EMP0048,Shane Henderson,React,Docker,7,GCP-ACE;PMP;Azure-AZ900,Available,0.66,Bangalore,Data Engineer,"7 years working with React and Docker, delivered projects in Public Sector domain."
EMP0049,Joshua Blair,Machine Learning,Docker,7,ScrumMaster;AWS-SA;GCP-ACE,Available,0.43,London,QA Engineer,"7 years working with Machine Learning and Docker, delivered projects in Retail domain."
EMP0050,Eric Carney,DevOps,Kubernetes,8,Azure-AZ900;PMP;CKA,Allocated,0.96,Remote,Data Engineer,"8 years working with DevOps and Kubernetes, delivered projects in Healthcare domain."
EMP0051,Jessica Holmes,GCP,Spark,11,PMP;GCP-ACE;AWS-SA,Allocated,0.75,Remote,Cloud Engineer,"11 years working with GCP and Spark, delivered projects in Finance domain."
EMP0052,Danny Morgan,Azure,Spring,1,Azure-AZ900,On Leave,0.61,Cairo,ML Engineer,"1 years working with Azure and Spring, delivered projects in Telecom domain."
EMP0053,Crystal Robinson,Machine Learning,Spring,12,CKA;ScrumMaster;Databricks-Associate,Available,0.66,Cairo,Software Engineer,"12 years working with Machine Learning and Spring, delivered projects in Telecom domain."
EMP0054,Mark Perez,Azure,Spring,13,PMP;CKA;AWS-SA,Allocated,0.92,Cairo,ML Engineer,"13 years working with Azure and Spring, delivered projects in Finance domain."
EMP0055,Shannon Jones,DevOps,Node.js,9,PMP;GCP-ACE;CKA,Allocated,0.72,London,ML Engineer,"9 years working with DevOps and Node.js, delivered projects in Public Sector domain."
EMP0056,Michael Lewis,DevOps,Spring,12,CKA;GCP-ACE,Allocated,0.84,Riyadh,QA Engineer,"12 years working with DevOps and Spring, delivered projects in Telecom domain."
EMP0057,Timothy Duncan,Azure,Docker,8,Databricks-Associate,Available,0.27,Riyadh,QA Engineer,"8 years working with Azure and Docker, delivered projects in Healthcare domain."
EMP0058,Richard Aguirre,AWS,Spring,4,Databricks-Associate;Azure-AZ900,Allocated,0.06,Bangalore,Cloud Engineer,"4 years working with AWS and Spring, delivered projects in Public Sector domain."
EMP0059,Brent Jordan,DevOps,Kubernetes,1,ScrumMaster,Available,0.9,London,Software Engineer,"1 years working with DevOps and Kubernetes, delivered projects in Public Sector domain."
EMP0060,John Daniel,React,Kubernetes,1,GCP-ACE;CKA,Allocated,0.95,Bangalore,QA Engineer,"1 years working with React and Kubernetes, delivered projects in Public Sector domain."
EMP0061,Victoria Garcia,Machine Learning,Spring,8,GCP-ACE,Available,0.03,Riyadh,ML Engineer,"8 years working with Machine Learning and Spring, delivered projects in Finance domain."
EMP0062,Gerald Hensley,DevOps,Spring,10,AWS-SA;CKA;PMP,Allocated,0.03,Remote,ML Engineer,"10 years working with DevOps and Spring, delivered projects in Finance domain."
EMP0063,Connor West,DevOps,Spring,1,CKA;GCP-ACE,Available,0.33,Bangalore,Cloud Engineer,"1 years working with DevOps and Spring, delivered projects in Telecom domain."
EMP0064,Donald Wright,GCP,Terraform,2,AWS-SA;Databricks-Associate,Allocated,1.0,Riyadh,Data Engineer,"2 years working with GCP and Terraform, delivered projects in Healthcare domain."
EMP0065,Jessica Callahan,Python,Terraform,1,Azure-AZ900,Allocated,0.62,Dubai,Data Engineer,"1 years working with Python and Terraform, delivered projects in Telecom domain."
EMP0066,Amber Kidd,Java,Spark,4,Databricks-Associate;GCP-ACE,Allocated,0.17,London,Software Engineer,"4 years working with Java and Spark, delivered projects in Finance domain."
EMP0067,Tracy House,GCP,FastAPI,10,GCP-ACE,Allocated,0.91,Bangalore,ML Engineer,"10 years working with GCP and FastAPI, delivered projects in Finance domain."
EMP0068,Carol Tucker,Java,Spark,12,Azure-AZ900;AWS-SA;GCP-ACE,Allocated,0.6,Cairo,QA Engineer,"12 years working with Java and Spark, delivered projects in Healthcare domain."
EMP0069,James Brown,Data Engineering,Spark,7,GCP-ACE;AWS-SA;PMP,Allocated,0.01,Bangalore,ML Engineer,"7 years working with Data Engineering and Spark, delivered projects in Healthcare domain."
EMP0070,William Baker,React,Docker,11,Databricks-Associate;Azure-AZ900,Available,0.73,Remote,Cloud Engineer,"11 years working with React and Docker, delivered projects in Public Sector domain."
EMP0071,Jordan Henderson,SQL,Terraform,8,CKA;Databricks-Associate,Allocated,0.32,Dubai,Software Engineer,"8 years working with SQL and Terraform, delivered projects in Retail domain."
EMP0072,Whitney Peters,DevOps,Spring,13,PMP;ScrumMaster,Allocated,0.34,Bangalore,Cloud Engineer,"13 years working with DevOps and Spring, delivered projects in Finance domain."
EMP0073,Brittney Phillips,DevOps,Spring,6,GCP-ACE;ScrumMaster,Allocated,0.7,Riyadh,QA Engineer,"6 years working with DevOps and Spring, delivered projects in Healthcare domain."
EMP0074,Lauren Daniels,SQL,Spring,2,Databricks-Associate,Available,0.56,Dubai,ML Engineer,"2 years working with SQL and Spring, delivered projects in Telecom domain."
EMP0075,Amy Silva,DevOps,Terraform,1,GCP-ACE,Available,0.69,Riyadh,QA Engineer,"1 years working with DevOps and Terraform, delivered projects in Retail domain."
EMP0076,Sarah Moore,DevOps,Spark,9,CKA;Databricks-Associate,Allocated,0.35,Bangalore,Cloud Engineer,"9 years working with DevOps and Spark, delivered projects in Retail domain."
EMP0077,Angela Lopez,GCP,Spring,2,Azure-AZ900;GCP-ACE;AWS-SA,Allocated,0.95,Remote,Data Engineer,"2 years working with GCP and Spring, delivered projects in Finance domain."
EMP0078,Megan Young,Azure,Node.js,8,Databricks-Associate;PMP,On Leave,0.52,Riyadh,Software Engineer,"8 years working with Azure and Node.js, delivered projects in Finance domain."
EMP0079,Steve Sanchez,GCP,Spring,6,GCP-ACE,Available,0.53,Riyadh,Software Engineer,"6 years working with GCP and Spring, delivered projects in Healthcare domain."
EMP0080,Lisa Barnes,SQL,Docker,12,Databricks-Associate,Allocated,0.49,Cairo,QA Engineer,"12 years working with SQL and Docker, delivered projects in Retail domain."
EMP0081,Kelly Donovan,DevOps,Kubernetes,8,Azure-AZ900;AWS-SA,Available,0.86,Cairo,Software Engineer,"8 years working with DevOps and Kubernetes, delivered projects in Telecom domain."
EMP0082,Mike Allen,DevOps,FastAPI,10,Databricks-Associate;AWS-SA;Azure-AZ900,Available,0.56,Riyadh,Software Engineer,"10 years working with DevOps and FastAPI, delivered projects in Finance domain."
EMP0083,Michael Evans,Java,Spark,13,PMP;ScrumMaster,Allocated,0.23,London,ML Engineer,"13 years working with Java and Spark, delivered projects in Telecom domain."
EMP0084,Paul Jones,DevOps,Docker,14,CKA;GCP-ACE;PMP,Allocated,0.61,Remote,Software Engineer,"14 years working with DevOps and Docker, delivered projects in Finance domain."
EMP0085,Zachary Ferrell,Azure,Docker,11,Azure-AZ900,Available,0.55,Dubai,Software Engineer,"11 years working with Azure and Docker, delivered projects in Telecom domain."
EMP0086,Daniel Baker,DevOps,Node.js,10,GCP-ACE;AWS-SA,Available,0.71,Remote,ML Engineer,"10 years working with DevOps and Node.js, delivered projects in Healthcare domain."
EMP0087,Shirley Suarez,Azure,Docker,13,PMP;Databricks-Associate;Azure-AZ900,Available,0.54,Remote,Data Engineer,"13 years working with Azure and Docker, delivered projects in Retail domain."
EMP0088,Christopher Bass,AWS,FastAPI,1,ScrumMaster,Available,0.75,London,Cloud Engineer,"1 years working with AWS and FastAPI, delivered projects in Telecom domain."
EMP0089,Lisa Archer,Java,Kubernetes,12,Databricks-Associate;CKA,Allocated,0.5,Bangalore,ML Engineer,"12 years working with Java and Kubernetes, delivered projects in Healthcare domain."
EMP0090,Aimee Montoya,Machine Learning,FastAPI,15,Databricks-Associate;GCP-ACE,Allocated,0.03,Dubai,QA Engineer,"15 years working with Machine Learning and FastAPI, delivered projects in Public Sector domain."
EMP0091,Matthew Mcmillan,Python,Terraform,11,PMP;AWS-SA,Allocated,0.18,London,ML Engineer,"11 years working with Python and Terraform, delivered projects in Retail domain."
EMP0092,Brian Rodriguez,AWS,Spark,7,ScrumMaster;CKA;AWS-SA,Allocated,0.41,Riyadh,Software Engineer,"7 years working with AWS and Spark, delivered projects in Finance domain."
EMP0093,Denise Jacobs,Data Engineering,Kubernetes,12,GCP-ACE;Databricks-Associate,Allocated,0.81,London,Software Engineer,"12 years working with Data Engineering and Kubernetes, delivered projects in Telecom domain."
EMP0094,Christina Walters,Java,Docker,5,AWS-SA;CKA,Allocated,0.82,Cairo,QA Engineer,"5 years working with Java and Docker, delivered projects in Telecom domain."
EMP0095,John Whitehead,React,FastAPI,4,GCP-ACE;PMP;CKA,Allocated,0.76,Dubai,Cloud Engineer,"4 years working with React and FastAPI, delivered projects in Public Sector domain."
EMP0096,Anna Henderson,AWS,Docker,8,CKA;AWS-SA;Databricks-Associate,On Leave,0.61,Dubai,Data Engineer,"8 years working with AWS and Docker, delivered projects in Retail domain."
EMP0097,Aaron Wise,SQL,FastAPI,9,AWS-SA;Azure-AZ900,On Leave,0.91,Bangalore,Software Engineer,"9 years working with SQL and FastAPI, delivered projects in Finance domain."
EMP0098,Deborah Figueroa,DevOps,Node.js,5,Databricks-Associate;GCP-ACE;CKA,Allocated,0.98,Dubai,ML Engineer,"5 years working with DevOps and Node.js, delivered projects in Public Sector domain."
EMP0099,Jessica Smith,AWS,Kubernetes,4,PMP;Databricks-Associate;Azure-AZ900,Allocated,0.28,Bangalore,Cloud Engineer,"4 years working with AWS and Kubernetes, delivered projects in Public Sector domain."
EMP0100,Stephen Mckee,GCP,Terraform,1,Databricks-Associate;GCP-ACE,Allocated,0.58,Remote,ML Engineer,"1 years working with GCP and Terraform, delivered projects in Finance domain."
EMP0101,Sandra Aguilar,DevOps,Spark,8,GCP-ACE;PMP,Allocated,0.38,Riyadh,Data Engineer,"8 years working with DevOps and Spark, delivered projects in Finance domain."
EMP0102,Cameron Parker,Machine Learning,Kubernetes,4,AWS-SA;GCP-ACE,Allocated,0.71,Bangalore,ML Engineer,"4 years working with Machine Learning and Kubernetes, delivered projects in Finance domain."
EMP0103,Rebecca Valencia,DevOps,FastAPI,3,PMP;GCP-ACE;AWS-SA,Allocated,0.44,London,ML Engineer,"3 years working with DevOps and FastAPI, delivered projects in Healthcare domain."
EMP0104,Christine Wright,AWS,Kubernetes,14,Azure-AZ900;AWS-SA;CKA,Allocated,0.27,London,ML Engineer,"14 years working with AWS and Kubernetes, delivered projects in Healthcare domain."
EMP0105,Richard Henson,Data Engineering,Terraform,11,CKA;GCP-ACE;ScrumMaster,Allocated,0.04,Cairo,Data Engineer,"11 years working with Data Engineering and Terraform, delivered projects in Retail domain."
EMP0106,Marc Moore,Azure,Node.js,2,AWS-SA;Databricks-Associate,Allocated,0.1,Dubai,Cloud Engineer,"2 years working with Azure and Node.js, delivered projects in Healthcare domain."
EMP0107,Sharon Cherry,Python,Docker,13,GCP-ACE,Available,0.43,Dubai,QA Engineer,"13 years working with Python and Docker, delivered projects in Telecom domain."
EMP0108,Sierra Johnson,Machine Learning,Node.js,13,Azure-AZ900,Available,0.61,Bangalore,QA Engineer,"13 years working with Machine Learning and Node.js, delivered projects in Finance domain."
EMP0109,Evelyn Galvan,DevOps,Spark,3,CKA,Allocated,0.46,Remote,Software Engineer,"3 years working with DevOps and Spark, delivered projects in Telecom domain."
EMP0110,Sharon Cochran,GCP,Node.js,9,AWS-SA,Available,0.35,London,Cloud Engineer,"9 years working with GCP and Node.js, delivered projects in Telecom domain."
EMP0111,Richard Rodriguez,GCP,Kubernetes,14,Azure-AZ900;CKA,Allocated,0.11,Bangalore,QA Engineer,"14 years working with GCP and Kubernetes, delivered projects in Retail domain."
EMP0112,Shannon Walker,Machine Learning,Docker,12,AWS-SA;Databricks-Associate,Available,0.01,Remote,Software Engineer,"12 years working with Machine Learning and Docker, delivered projects in Public Sector domain."
EMP0113,Julia Torres,DevOps,Terraform,15,ScrumMaster;Azure-AZ900,Allocated,0.35,Remote,Data Engineer,"15 years working with DevOps and Terraform, delivered projects in Public Sector domain."
EMP0114,Crystal Johnson,GCP,Node.js,13,ScrumMaster;Databricks-Associate;Azure-AZ900,Allocated,0.9,Remote,Software Engineer,"13 years working with GCP and Node.js, delivered projects in Retail domain."
EMP0115,Garrett Lin,DevOps,FastAPI,10,Databricks-Associate;Azure-AZ900,Available,0.3,Remote,ML Engineer,"10 years working with DevOps and FastAPI, delivered projects in Finance domain."
EMP0116,Diana May,Azure,Spring,13,GCP-ACE;PMP;Databricks-Associate,Allocated,0.83,Riyadh,ML Engineer,"13 years working with Azure and Spring, delivered projects in Retail domain."
EMP0117,William Herrera,Data Engineering,Terraform,2,AWS-SA;Azure-AZ900,Allocated,0.23,Remote,ML Engineer,"2 years working with Data Engineering and Terraform, delivered projects in Public Sector domain."
EMP0118,Ashley Waller,Data Engineering,FastAPI,13,AWS-SA;GCP-ACE,Allocated,0.45,Remote,Cloud Engineer,"13 years working with Data Engineering and FastAPI, delivered projects in Public Sector domain."
EMP0119,Victor Baker,React,Terraform,11,AWS-SA;Databricks-Associate,Available,0.03,London,Cloud Engineer,"11 years working with React and Terraform, delivered projects in Public Sector domain."
EMP0120,Jeffrey Chandler,Azure,Node.js,2,ScrumMaster;CKA;GCP-ACE,Allocated,0.12,Cairo,Software Engineer,"2 years working with Azure and Node.js, delivered projects in Retail domain."
EMP0121,Larry Dixon,DevOps,FastAPI,2,PMP,Available,0.45,Remote,QA Engineer,"2 years working with DevOps and FastAPI, delivered projects in Telecom domain."
EMP0122,Kenneth Scott,Machine Learning,Node.js,12,CKA,Allocated,0.83,London,ML Engineer,"12 years working with Machine Learning and Node.js, delivered projects in Retail domain."
EMP0123,April Frost,Python,Node.js,6,CKA,Available,0.24,Riyadh,Software Engineer,"6 years working with Python and Node.js, delivered projects in Retail domain."
EMP0124,Michelle Harmon,SQL,Node.js,6,CKA,Available,0.97,Bangalore,Software Engineer,"6 years working with SQL and Node.js, delivered projects in Finance domain."
EMP0125,Helen Jones,Machine Learning,FastAPI,1,Azure-AZ900;ScrumMaster,Allocated,0.21,London,Data Engineer,"1 years working with Machine Learning and FastAPI, delivered projects in Public Sector domain."
EMP0126,Erin Edwards,Azure,Terraform,14,GCP-ACE,Allocated,0.79,London,Software Engineer,"14 years working with Azure and Terraform, delivered projects in Retail domain."
EMP0127,Michelle Evans,AWS,Spring,9,ScrumMaster;Azure-AZ900,Available,0.87,Dubai,Software Engineer,"9 years working with AWS and Spring, delivered projects in Retail domain."
EMP0128,Jason Powell,Azure,Spark,6,Azure-AZ900,Available,0.13,Bangalore,QA Engineer,"6 years working with Azure and Spark, delivered projects in Healthcare domain."
EMP0129,Cameron Fisher,Java,Kubernetes,8,PMP;ScrumMaster,Available,0.5,London,Software Engineer,"8 years working with Java and Kubernetes, delivered projects in Public Sector domain."
EMP0130,Megan Orr,GCP,Kubernetes,11,AWS-SA,On Leave,0.85,Bangalore,Software Engineer,"11 years working with GCP and Kubernetes, delivered projects in Telecom domain."
EMP0131,Elizabeth Kelley,DevOps,FastAPI,15,GCP-ACE,Allocated,0.07,Riyadh,QA Engineer,"15 years working with DevOps and FastAPI, delivered projects in Public Sector domain."
EMP0132,Dustin Jordan,SQL,Node.js,6,PMP;ScrumMaster,Available,0.51,Bangalore,Software Engineer,"6 years working with SQL and Node.js, delivered projects in Healthcare domain."
EMP0133,Mary Marshall,SQL,Node.js,14,CKA,Allocated,0.23,Riyadh,ML Engineer,"14 years working with SQL and Node.js, delivered projects in Telecom domain."
EMP0134,Daniel Kennedy,React,Node.js,2,CKA;GCP-ACE,Allocated,0.37,Dubai,ML Engineer,"2 years working with React and Node.js, delivered projects in Healthcare domain."
EMP0135,Rebecca Jackson,Java,Terraform,2,CKA,Available,0.74,Dubai,QA Engineer,"2 years working with Java and Terraform, delivered projects in Healthcare domain."
EMP0136,Jose Schultz,Machine Learning,Spark,9,Databricks-Associate;AWS-SA,Available,0.87,Bangalore,Software Engineer,"9 years working with Machine Learning and Spark, delivered projects in Retail domain."
EMP0137,Robert Potter,Machine Learning,Docker,6,PMP,Allocated,0.15,Bangalore,Data Engineer,"6 years working with Machine Learning and Docker, delivered projects in Healthcare domain."
EMP0138,Courtney Gonzalez,Data Engineering,Terraform,9,AWS-SA;GCP-ACE,Allocated,0.81,London,QA Engineer,"9 years working with Data Engineering and Terraform, delivered projects in Public Sector domain."
EMP0139,David Alvarez,SQL,FastAPI,10,ScrumMaster;Databricks-Associate;GCP-ACE,Available,0.27,Riyadh,Cloud Engineer,"10 years working with SQL and FastAPI, delivered projects in Retail domain."
EMP0140,Angel Perry,Python,Spring,14,PMP,Allocated,0.07,Remote,Software Engineer,"14 years working with Python and Spring, delivered projects in Healthcare domain."
EMP0141,Cheyenne Horton,SQL,Spring,7,CKA;GCP-ACE,Available,0.31,Riyadh,QA Engineer,"7 years working with SQL and Spring, delivered projects in Public Sector domain."
EMP0142,David Douglas Jr.,Java,FastAPI,3,ScrumMaster,Allocated,0.67,Riyadh,ML Engineer,"3 years working with Java and FastAPI, delivered projects in Telecom domain."
EMP0143,Patricia Rodriguez,DevOps,Spark,8,GCP-ACE;Azure-AZ900,Allocated,0.11,Bangalore,Software Engineer,"8 years working with DevOps and Spark, delivered projects in Retail domain."
EMP0144,Christopher Rubio,Machine Learning,Kubernetes,9,GCP-ACE;AWS-SA;Azure-AZ900,Available,0.6,Cairo,Data Engineer,"9 years working with Machine Learning and Kubernetes, delivered projects in Retail domain."
EMP0145,Amber Wright,Azure,Terraform,3,GCP-ACE;ScrumMaster,Available,0.5,Bangalore,Data Engineer,"3 years working with Azure and Terraform, delivered projects in Finance domain."
EMP0146,Joyce Solis,React,Spark,12,PMP,Allocated,0.67,Riyadh,Software Engineer,"12 years working with React and Spark, delivered projects in Telecom domain."
EMP0147,Victoria Larson,Python,Kubernetes,1,AWS-SA;GCP-ACE,Allocated,0.57,Remote,ML Engineer,"1 years working with Python and Kubernetes, delivered projects in Retail domain."
EMP0148,Stephanie Salazar,Java,Kubernetes,1,Azure-AZ900;PMP,Allocated,0.69,Riyadh,Software Engineer,"1 years working with Java and Kubernetes, delivered projects in Telecom domain."
EMP0149,Kathy Rivas,Java,Spring,7,CKA;PMP;AWS-SA,Available,0.31,Riyadh,Data Engineer,"7 years working with Java and Spring, delivered projects in Retail domain."
EMP0150,Stephanie Manning,AWS,FastAPI,9,AWS-SA;PMP;Databricks-Associate,Available,0.78,Riyadh,Data Engineer,"9 years working with AWS and FastAPI, delivered projects in Finance domain."
EMP0151,David Wright,Java,Spring,5,Azure-AZ900,Allocated,0.76,Remote,Software Engineer,"5 years working with Java and Spring, delivered projects in Finance domain."
EMP0152,Pamela Boyd,DevOps,Kubernetes,13,ScrumMaster;PMP;CKA,Allocated,0.88,Remote,QA Engineer,"13 years working with DevOps and Kubernetes, delivered projects in Retail domain."
EMP0153,Denise Jones,Data Engineering,Spring,8,CKA,Available,0.3,Riyadh,QA Engineer,"8 years working with Data Engineering and Spring, delivered projects in Healthcare domain."
EMP0154,Devon Flores,Data Engineering,Spark,2,CKA;ScrumMaster,Available,0.37,Riyadh,Software Engineer,"2 years working with Data Engineering and Spark, delivered projects in Healthcare domain."
EMP0155,Brenda Hall,Machine Learning,Spark,9,CKA;PMP,Allocated,0.79,Cairo,ML Engineer,"9 years working with Machine Learning and Spark, delivered projects in Public Sector domain."
EMP0156,Michelle Brown,Azure,Docker,10,PMP;Azure-AZ900,On Leave,0.45,Riyadh,Software Engineer,"10 years working with Azure and Docker, delivered projects in Public Sector domain."
EMP0157,Joshua Perry,AWS,FastAPI,4,CKA;ScrumMaster;PMP,Allocated,0.16,Riyadh,Cloud Engineer,"4 years working with AWS and FastAPI, delivered projects in Telecom domain."
EMP0158,Jason Stein,React,Terraform,6,PMP;AWS-SA;GCP-ACE,Available,0.09,Remote,ML Engineer,"6 years working with React and Terraform, delivered projects in Retail domain."
EMP0159,Melissa Gates,GCP,Node.js,14,PMP;Azure-AZ900;GCP-ACE,Available,0.66,Riyadh,Cloud Engineer,"14 years working with GCP and Node.js, delivered projects in Telecom domain."
EMP0160,Jamie Smith,AWS,Spark,12,GCP-ACE,Allocated,0.64,Riyadh,Data Engineer,"12 years working with AWS and Spark, delivered projects in Public Sector domain."
EMP0161,Paul Castaneda,Java,Node.js,11,PMP;GCP-ACE,Available,0.31,Dubai,Cloud Engineer,"11 years working with Java and Node.js, delivered projects in Telecom domain."
EMP0162,Jennifer Adkins,Azure,Spring,3,AWS-SA,Available,0.79,London,QA Engineer,"3 years working with Azure and Spring, delivered projects in Public Sector domain."
EMP0163,Lindsey Walker,Python,Node.js,6,Azure-AZ900;PMP;CKA,Available,0.18,Remote,QA Engineer,"6 years working with Python and Node.js, delivered projects in Finance domain."
EMP0164,Jeffrey Johnson,DevOps,FastAPI,7,Databricks-Associate;ScrumMaster,Available,0.44,Riyadh,ML Engineer,"7 years working with DevOps and FastAPI, delivered projects in Finance domain."
EMP0165,Michael Powell,SQL,Spring,5,ScrumMaster;Azure-AZ900,Available,0.95,Bangalore,ML Engineer,"5 years working with SQL and Spring, delivered projects in Retail domain."
EMP0166,John Anderson,React,Spark,9,Azure-AZ900;ScrumMaster,Allocated,0.14,Riyadh,Software Engineer,"9 years working with React and Spark, delivered projects in Telecom domain."
EMP0167,Alyssa Long,Data Engineering,Spark,15,Databricks-Associate,Allocated,0.85,Riyadh,Software Engineer,"15 years working with Data Engineering and Spark, delivered projects in Finance domain."
EMP0168,Alyssa Day,GCP,Kubernetes,15,Azure-AZ900;CKA;AWS-SA,Allocated,0.22,Bangalore,Cloud Engineer,"15 years working with GCP and Kubernetes, delivered projects in Healthcare domain."
EMP0169,Joel Williams,React,FastAPI,7,GCP-ACE;Azure-AZ900;CKA,On Leave,0.37,Cairo,Cloud Engineer,"7 years working with React and FastAPI, delivered projects in Healthcare domain."
EMP0170,Daniel Murphy,Data Engineering,Terraform,3,AWS-SA,Available,0.83,Remote,Data Engineer,"3 years working with Data Engineering and Terraform, delivered projects in Telecom domain."
EMP0171,Jamie Walton,DevOps,Spark,1,AWS-SA,Available,0.83,London,QA Engineer,"1 years working with DevOps and Spark, delivered projects in Public Sector domain."
EMP0172,Darlene Miller,React,FastAPI,13,Azure-AZ900;GCP-ACE,Available,0.24,Remote,QA Engineer,"13 years working with React and FastAPI, delivered projects in Telecom domain."
EMP0173,Joshua Cooke,Java,FastAPI,14,PMP;ScrumMaster,Available,0.52,Dubai,Data Engineer,"14 years working with Java and FastAPI, delivered projects in Retail domain."
EMP0174,Matthew Harrington,React,FastAPI,10,Azure-AZ900;PMP,Available,0.66,Cairo,QA Engineer,"10 years working with React and FastAPI, delivered projects in Retail domain."
EMP0175,Nicole Herring,Java,Spark,9,ScrumMaster;PMP;Databricks-Associate,Available,0.87,Cairo,ML Engineer,"9 years working with Java and Spark, delivered projects in Retail domain."
EMP0176,Alex Hernandez,GCP,Node.js,1,ScrumMaster;AWS-SA,Available,0.73,Remote,Software Engineer,"1 years working with GCP and Node.js, delivered projects in Public Sector domain."
EMP0177,Michael Elliott,Data Engineering,Spring,1,PMP;GCP-ACE,Allocated,0.18,Remote,ML Engineer,"1 years working with Data Engineering and Spring, delivered projects in Telecom domain."
EMP0178,Michael Wang,AWS,Terraform,3,Databricks-Associate,Allocated,0.46,Riyadh,Data Engineer,"3 years working with AWS and Terraform, delivered projects in Healthcare domain."
EMP0179,Lawrence Adkins,Azure,FastAPI,6,PMP;CKA,On Leave,0.54,Riyadh,Software Engineer,"6 years working with Azure and FastAPI, delivered projects in Finance domain."
EMP0180,Robert Oconnell,GCP,Docker,14,ScrumMaster,Allocated,0.27,Riyadh,ML Engineer,"14 years working with GCP and Docker, delivered projects in Telecom domain."
EMP0181,Alexander Collins,DevOps,Kubernetes,6,CKA,Allocated,0.37,London,Cloud Engineer,"6 years working with DevOps and Kubernetes, delivered projects in Healthcare domain."
EMP0182,Tina Sanders,React,FastAPI,7,ScrumMaster;Azure-AZ900;PMP,Available,0.1,Riyadh,Cloud Engineer,"7 years working with React and FastAPI, delivered projects in Retail domain."
EMP0183,Angela Vaughn,DevOps,Spark,12,Azure-AZ900;Databricks-Associate,Available,0.45,Remote,Cloud Engineer,"12 years working with DevOps and Spark, delivered projects in Public Sector domain."
EMP0184,Ashley Barton,React,Docker,11,AWS-SA,Allocated,0.41,London,Data Engineer,"11 years working with React and Docker, delivered projects in Healthcare domain."
EMP0185,Lindsay Martinez,AWS,Terraform,10,ScrumMaster;CKA;AWS-SA,Available,0.24,Remote,Cloud Engineer,"10 years working with AWS and Terraform, delivered projects in Retail domain."
EMP0186,Dr. Hannah Patterson,React,Spark,1,Azure-AZ900;Databricks-Associate;CKA,Allocated,0.37,Cairo,QA Engineer,"1 years working with React and Spark, delivered projects in Finance domain."
EMP0187,Jonathan Peterson,SQL,Docker,7,Databricks-Associate;GCP-ACE,Available,0.11,Remote,Data Engineer,"7 years working with SQL and Docker, delivered projects in Telecom domain."
EMP0188,Samantha Garcia,SQL,Kubernetes,15,AWS-SA;GCP-ACE;Databricks-Associate,Allocated,0.21,London,Cloud Engineer,"15 years working with SQL and Kubernetes, delivered projects in Telecom domain."
EMP0189,Madison Poole,Azure,FastAPI,3,CKA,Available,0.71,Cairo,Cloud Engineer,"3 years working with Azure and FastAPI, delivered projects in Retail domain."
EMP0190,Jessica Gross,Java,Spark,9,GCP-ACE;Azure-AZ900,Allocated,0.93,Remote,Data Engineer,"9 years working with Java and Spark, delivered projects in Retail domain."
EMP0191,Debra Morton,SQL,Spring,2,ScrumMaster,Available,0.79,Cairo,Cloud Engineer,"2 years working with SQL and Spring, delivered projects in Public Sector domain."
EMP0192,Karen Graham,Machine Learning,Docker,8,Azure-AZ900;PMP;AWS-SA,Available,0.4,Remote,ML Engineer,"8 years working with Machine Learning and Docker, delivered projects in Public Sector domain."
EMP0193,Debra Christian,React,Terraform,7,AWS-SA;Azure-AZ900;GCP-ACE,Allocated,0.45,Remote,QA Engineer,"7 years working with React and Terraform, delivered projects in Retail domain."
EMP0194,Angelica Keith,AWS,Terraform,13,Databricks-Associate;PMP;Azure-AZ900,Allocated,0.13,London,Software Engineer,"13 years working with AWS and Terraform, delivered projects in Healthcare domain."
EMP0195,John Bishop,SQL,Spring,5,Azure-AZ900,Available,0.71,Riyadh,QA Engineer,"5 years working with SQL and Spring, delivered projects in Retail domain."
EMP0196,Allen Rosales,Java,Docker,4,PMP;GCP-ACE;Azure-AZ900,Allocated,0.61,Cairo,QA Engineer,"4 years working with Java and Docker, delivered projects in Finance domain."
EMP0197,Daniel Salinas,Machine Learning,Spark,3,Databricks-Associate,Allocated,0.9,Riyadh,QA Engineer,"3 years working with Machine Learning and Spark, delivered projects in Healthcare domain."
EMP0198,Spencer Haynes,Python,FastAPI,1,ScrumMaster;PMP;GCP-ACE,Allocated,0.77,Bangalore,QA Engineer,"1 years working with Python and FastAPI, delivered projects in Healthcare domain."
EMP0199,Adam Vaughan,DevOps,Node.js,9,Databricks-Associate;GCP-ACE,Allocated,0.8,Remote,ML Engineer,"9 years working with DevOps and Node.js, delivered projects in Retail domain."
EMP0200,Nathan Freeman,DevOps,FastAPI,12,Azure-AZ900,Available,0.48,Dubai,Cloud Engineer,"12 years working with DevOps and FastAPI, delivered projects in Public Sector domain."
EMP0201,Melissa Brewer,AWS,Docker,14,GCP-ACE;Databricks-Associate;ScrumMaster,On Leave,0.13,Riyadh,QA Engineer,"14 years working with AWS and Docker, delivered projects in Public Sector domain."
EMP0202,Ricky Davis II,Java,Docker,4,AWS-SA;GCP-ACE,Available,0.14,Cairo,Cloud Engineer,"4 years working with Java and Docker, delivered projects in Telecom domain."
EMP0203,Elizabeth Perkins,Machine Learning,Kubernetes,4,ScrumMaster,Available,0.58,Riyadh,Data Engineer,"4 years working with Machine Learning and Kubernetes, delivered projects in Finance domain."
EMP0204,Joseph Coleman,DevOps,Spark,8,GCP-ACE;CKA,Available,0.95,London,ML Engineer,"8 years working with DevOps and Spark, delivered projects in Finance domain."
EMP0205,Erin Warner,Azure,Spark,6,AWS-SA,Available,0.6,Remote,ML Engineer,"6 years working with Azure and Spark, delivered projects in Retail domain."
EMP0206,David Martinez,SQL,FastAPI,14,CKA,Available,0.26,Riyadh,ML Engineer,"14 years working with SQL and FastAPI, delivered projects in Retail domain."
EMP0207,Bryan Herrera,Python,Kubernetes,1,PMP;Azure-AZ900;GCP-ACE,Allocated,0.07,London,ML Engineer,"1 years working with Python and Kubernetes, delivered projects in Public Sector domain."
EMP0208,Cathy Robinson,GCP,Terraform,10,PMP;AWS-SA;Azure-AZ900,On Leave,0.39,Riyadh,QA Engineer,"10 years working with GCP and Terraform, delivered projects in Retail domain."
EMP0209,Dr. William Warren,AWS,Spring,10,CKA;PMP;AWS-SA,Available,0.14,Riyadh,ML Engineer,"10 years working with AWS and Spring, delivered projects in Public Sector domain."
EMP0210,Brian Lee,DevOps,Spring,10,Azure-AZ900;GCP-ACE;PMP,Available,0.39,London,Cloud Engineer,"10 years working with DevOps and Spring, delivered projects in Public Sector domain."
EMP0211,Christopher Smith,Data Engineering,Spark,14,PMP;CKA;ScrumMaster,Available,0.82,Riyadh,Cloud Engineer,"14 years working with Data Engineering and Spark, delivered projects in Healthcare domain."
EMP0212,Denise Mccann,React,Spark,5,ScrumMaster;Databricks-Associate;AWS-SA,Allocated,0.27,Remote,QA Engineer,"5 years working with React and Spark, delivered projects in Public Sector domain."
EMP0213,Melissa Martinez,Azure,Node.js,1,CKA;Azure-AZ900;PMP,Allocated,0.62,Bangalore,Data Engineer,"1 years working with Azure and Node.js, delivered projects in Finance domain."
EMP0214,Katherine Salas,Python,Spark,12,Azure-AZ900,Available,0.31,Dubai,ML Engineer,"12 years working with Python and Spark, delivered projects in Finance domain."
EMP0215,Julie Alexander,React,Spark,13,CKA;Databricks-Associate;AWS-SA,Allocated,0.52,London,Cloud Engineer,"13 years working with React and Spark, delivered projects in Telecom domain."
EMP0216,Anthony Everett,SQL,Kubernetes,6,CKA,Allocated,0.34,Riyadh,Cloud Engineer,"6 years working with SQL and Kubernetes, delivered projects in Public Sector domain."
EMP0217,Rodney Morales,DevOps,Spring,4,PMP;GCP-ACE,Available,0.97,Riyadh,Cloud Engineer,"4 years working with DevOps and Spring, delivered projects in Finance domain."
EMP0218,Mark Brown,DevOps,Docker,8,PMP;Databricks-Associate,Available,0.12,Remote,QA Engineer,"8 years working with DevOps and Docker, delivered projects in Telecom domain."
EMP0219,Justin Torres,React,Terraform,6,GCP-ACE,Available,0.96,Cairo,Cloud Engineer,"6 years working with React and Terraform, delivered projects in Telecom domain."
EMP0220,Bailey Duran DDS,GCP,Node.js,8,Azure-AZ900,Allocated,0.27,London,Cloud Engineer,"8 years working with GCP and Node.js, delivered projects in Finance domain."
EMP0221,Courtney Mills,Java,Spark,12,Azure-AZ900;ScrumMaster;AWS-SA,Allocated,0.53,Remote,Data Engineer,"12 years working with Java and Spark, delivered projects in Healthcare domain."
EMP0222,Jeremy Dalton,Java,Kubernetes,6,CKA;AWS-SA;Azure-AZ900,Available,0.55,Dubai,ML Engineer,"6 years working with Java and Kubernetes, delivered projects in Telecom domain."
EMP0223,Elizabeth Oliver DDS,DevOps,Node.js,4,GCP-ACE;ScrumMaster,Allocated,0.91,Cairo,QA Engineer,"4 years working with DevOps and Node.js, delivered projects in Finance domain."
EMP0224,Theresa Clark,SQL,Node.js,12,Azure-AZ900,Available,0.84,Cairo,ML Engineer,"12 years working with SQL and Node.js, delivered projects in Telecom domain."
EMP0225,Matthew Moore,AWS,Node.js,14,AWS-SA;ScrumMaster,Available,0.6,Riyadh,Cloud Engineer,"14 years working with AWS and Node.js, delivered projects in Telecom domain."
EMP0226,Benjamin Smith,SQL,Spark,8,ScrumMaster,Allocated,0.27,Cairo,Cloud Engineer,"8 years working with SQL and Spark, delivered projects in Finance domain."
EMP0227,Kirk Carter,DevOps,Node.js,5,Azure-AZ900;AWS-SA;GCP-ACE,Allocated,0.57,Dubai,Data Engineer,"5 years working with DevOps and Node.js, delivered projects in Public Sector domain."
EMP0228,Michael Warner,React,Terraform,7,GCP-ACE;AWS-SA;CKA,Allocated,0.18,Dubai,ML Engineer,"7 years working with React and Terraform, delivered projects in Retail domain."
EMP0229,Michael Bradshaw,Azure,FastAPI,5,Azure-AZ900;CKA,Allocated,0.95,Riyadh,QA Engineer,"5 years working with Azure and FastAPI, delivered projects in Public Sector domain."
EMP0230,Lori Guerrero,Python,Docker,11,Databricks-Associate;Azure-AZ900,Available,0.12,Riyadh,Data Engineer,"11 years working with Python and Docker, delivered projects in Telecom domain."
EMP0231,Jessica Stephens,SQL,Node.js,13,Databricks-Associate;AWS-SA,Allocated,0.94,Riyadh,QA Engineer,"13 years working with SQL and Node.js, delivered projects in Finance domain."
EMP0232,Susan Serrano,Azure,Spring,8,CKA,Allocated,0.61,Bangalore,QA Engineer,"8 years working with Azure and Spring, delivered projects in Telecom domain."
EMP0233,Christopher Parker,SQL,Terraform,11,ScrumMaster,Available,0.75,Cairo,QA Engineer,"11 years working with SQL and Terraform, delivered projects in Telecom domain."
EMP0234,Laura Roberts,SQL,Node.js,6,PMP,Available,0.83,London,Data Engineer,"6 years working with SQL and Node.js, delivered projects in Public Sector domain."
EMP0235,Michael Lyons,SQL,Spring,3,ScrumMaster;PMP,Available,0.68,Remote,QA Engineer,"3 years working with SQL and Spring, delivered projects in Telecom domain."
EMP0236,Kathryn Snyder,Java,Spark,8,CKA,Available,0.42,London,Software Engineer,"8 years working with Java and Spark, delivered projects in Public Sector domain."
EMP0237,Andrew Reynolds,DevOps,Node.js,13,Databricks-Associate;AWS-SA,Available,0.82,Remote,Data Engineer,"13 years working with DevOps and Node.js, delivered projects in Public Sector domain."
EMP0238,David Davis,Java,FastAPI,7,Databricks-Associate;AWS-SA,Allocated,0.06,Cairo,ML Engineer,"7 years working with Java and FastAPI, delivered projects in Healthcare domain."
EMP0239,Sara Johnston,GCP,Kubernetes,3,ScrumMaster,Allocated,0.73,Bangalore,Cloud Engineer,"3 years working with GCP and Kubernetes, delivered projects in Telecom domain."
EMP0240,Yvonne Chambers,DevOps,Terraform,15,CKA;AWS-SA,Allocated,0.66,London,Data Engineer,"15 years working with DevOps and Terraform, delivered projects in Retail domain."
EMP0241,Andrew Avila,Java,Spring,9,PMP;Azure-AZ900,Allocated,0.22,Cairo,Software Engineer,"9 years working with Java and Spring, delivered projects in Retail domain."
EMP0242,Matthew Moon,DevOps,Node.js,12,CKA;PMP;ScrumMaster,Allocated,0.25,Riyadh,Data Engineer,"12 years working with DevOps and Node.js, delivered projects in Retail domain."
EMP0243,Kevin Walters,Azure,Node.js,13,AWS-SA,Allocated,0.42,Cairo,Data Engineer,"13 years working with Azure and Node.js, delivered projects in Finance domain."
EMP0244,Brandon Bailey MD,Java,FastAPI,10,CKA,Allocated,0.7,Cairo,Data Engineer,"10 years working with Java and FastAPI, delivered projects in Healthcare domain."
EMP0245,Shannon Rivera,React,Kubernetes,4,Azure-AZ900;AWS-SA;ScrumMaster,Allocated,0.29,Remote,QA Engineer,"4 years working with React and Kubernetes, delivered projects in Retail domain."
EMP0246,Donna Landry,Machine Learning,Spark,13,ScrumMaster;GCP-ACE;Azure-AZ900,Available,0.14,Remote,QA Engineer,"13 years working with Machine Learning and Spark, delivered projects in Finance domain."
EMP0247,Krista Gibson,React,Docker,5,PMP,Allocated,0.88,Dubai,ML Engineer,"5 years working with React and Docker, delivered projects in Public Sector domain."
EMP0248,Frank Cordova,DevOps,FastAPI,6,Databricks-Associate;CKA;PMP,Available,0.42,Dubai,Cloud Engineer,"6 years working with DevOps and FastAPI, delivered projects in Telecom domain."
EMP0249,Jose Travis,AWS,Terraform,9,Azure-AZ900;ScrumMaster,Available,0.71,Bangalore,Software Engineer,"9 years working with AWS and Terraform, delivered projects in Public Sector domain."
EMP0250,Kimberly Gutierrez,React,Kubernetes,9,Azure-AZ900;CKA;ScrumMaster,Available,0.33,Cairo,ML Engineer,"9 years working with React and Kubernetes, delivered projects in Retail domain."
EMP0251,Isaiah Avila,Java,Spark,12,AWS-SA,Available,0.67,London,Software Engineer,"12 years working with Java and Spark, delivered projects in Healthcare domain."
EMP0252,Olivia Harris,Azure,Terraform,13,Databricks-Associate;ScrumMaster;PMP,Available,0.21,Riyadh,Cloud Engineer,"13 years working with Azure and Terraform, delivered projects in Healthcare domain."
EMP0253,Tanya Kim,Azure,Spring,12,Databricks-Associate,On Leave,0.48,Dubai,QA Engineer,"12 years working with Azure and Spring, delivered projects in Finance domain."
EMP0254,Barbara Dudley,React,Spring,9,ScrumMaster;GCP-ACE,Available,0.53,Riyadh,Cloud Engineer,"9 years working with React and Spring, delivered projects in Retail domain."
EMP0255,Cynthia Moore,Data Engineering,Spark,15,CKA;AWS-SA,Allocated,0.72,Riyadh,Data Engineer,"15 years working with Data Engineering and Spark, delivered projects in Retail domain."
EMP0256,Kristen Davis,Data Engineering,Kubernetes,1,ScrumMaster;Azure-AZ900;Databricks-Associate,Available,0.55,London,QA Engineer,"1 years working with Data Engineering and Kubernetes, delivered projects in Telecom domain."
EMP0257,Susan Murray MD,GCP,Spring,4,Azure-AZ900;CKA,Allocated,0.25,London,Cloud Engineer,"4 years working with GCP and Spring, delivered projects in Retail domain."
EMP0258,Kathleen Moran,DevOps,Node.js,11,CKA;ScrumMaster;Azure-AZ900,Allocated,0.35,Dubai,QA Engineer,"11 years working with DevOps and Node.js, delivered projects in Telecom domain."
EMP0259,Denise Davenport,AWS,Spark,11,PMP,Available,0.85,Remote,Software Engineer,"11 years working with AWS and Spark, delivered projects in Healthcare domain."
EMP0260,Mrs. Kristen Reyes,React,Spring,14,Azure-AZ900;AWS-SA;ScrumMaster,Available,0.51,Riyadh,Software Engineer,"14 years working with React and Spring, delivered projects in Public Sector domain."
EMP0261,Katie Suarez,Machine Learning,Kubernetes,11,AWS-SA;ScrumMaster,Allocated,0.41,Cairo,QA Engineer,"11 years working with Machine Learning and Kubernetes, delivered projects in Retail domain."
EMP0262,Desiree Tyler,SQL,Docker,1,ScrumMaster;Databricks-Associate;CKA,Allocated,0.91,Cairo,Software Engineer,"1 years working with SQL and Docker, delivered projects in Public Sector domain."
EMP0263,Timothy Romero,AWS,Spring,4,PMP;GCP-ACE;Databricks-Associate,Available,0.4,Riyadh,ML Engineer,"4 years working with AWS and Spring, delivered projects in Telecom domain."
EMP0264,Diane Evans,Machine Learning,Spring,12,GCP-ACE,Allocated,0.85,Remote,Software Engineer,"12 years working with Machine Learning and Spring, delivered projects in Healthcare domain."
EMP0265,Yvonne Burns,React,Kubernetes,7,CKA;AWS-SA;Databricks-Associate,Allocated,0.08,Bangalore,Cloud Engineer,"7 years working with React and Kubernetes, delivered projects in Public Sector domain."
EMP0266,Joshua Reed,Java,Spark,15,Azure-AZ900,Available,0.87,London,ML Engineer,"15 years working with Java and Spark, delivered projects in Retail domain."
EMP0267,Kimberly Gibson,Python,FastAPI,11,PMP;ScrumMaster,Allocated,0.18,Riyadh,Software Engineer,"11 years working with Python and FastAPI, delivered projects in Finance domain."
EMP0268,Colin Terry,Machine Learning,Spring,13,ScrumMaster;CKA;AWS-SA,Available,0.56,London,ML Engineer,"13 years working with Machine Learning and Spring, delivered projects in Public Sector domain."
EMP0269,Cynthia Rowe,Data Engineering,Kubernetes,13,Azure-AZ900;Databricks-Associate;AWS-SA,Allocated,0.97,Cairo,Software Engineer,"13 years working with Data Engineering and Kubernetes, delivered projects in Telecom domain."
EMP0270,Patrick Thornton,Azure,Terraform,2,PMP;ScrumMaster,On Leave,0.4,Riyadh,Software Engineer,"2 years working with Azure and Terraform, delivered projects in Retail domain."
EMP0271,Jasmin Alvarado,DevOps,Kubernetes,4,PMP;CKA,Available,0.68,Remote,ML Engineer,"4 years working with DevOps and Kubernetes, delivered projects in Healthcare domain."
EMP0272,Veronica Simpson,Machine Learning,Docker,13,Databricks-Associate,Available,0.27,Bangalore,Data Engineer,"13 years working with Machine Learning and Docker, delivered projects in Telecom domain."
EMP0273,Jonathan Lawrence,Data Engineering,Docker,2,AWS-SA,Allocated,0.44,Riyadh,Software Engineer,"2 years working with Data Engineering and Docker, delivered projects in Finance domain."
EMP0274,Shelly Alexander,Java,Spring,7,PMP;ScrumMaster,Allocated,0.1,Cairo,Cloud Engineer,"7 years working with Java and Spring, delivered projects in Public Sector domain."
EMP0275,Joyce Bowen,Java,Spark,10,ScrumMaster;CKA,Available,0.41,Cairo,QA Engineer,"10 years working with Java and Spark, delivered projects in Finance domain."
EMP0276,Matthew Moore,Machine Learning,Spark,3,CKA;Azure-AZ900;Databricks-Associate,Available,0.27,Dubai,Software Engineer,"3 years working with Machine Learning and Spark, delivered projects in Finance domain."
EMP0277,Wayne Morgan,React,Docker,7,CKA;AWS-SA,Available,0.94,Remote,ML Engineer,"7 years working with React and Docker, delivered projects in Public Sector domain."
EMP0278,Marie Christian,Machine Learning,Spring,8,Azure-AZ900,Available,0.95,Riyadh,QA Engineer,"8 years working with Machine Learning and Spring, delivered projects in Telecom domain."
EMP0279,Shannon James,Data Engineering,Kubernetes,6,ScrumMaster;Databricks-Associate,On Leave,0.14,Riyadh,QA Engineer,"6 years working with Data Engineering and Kubernetes, delivered projects in Finance domain."
EMP0280,Nathan Malone,DevOps,Docker,3,GCP-ACE;ScrumMaster,Allocated,0.63,London,Data Engineer,"3 years working with DevOps and Docker, delivered projects in Retail domain."
EMP0281,Amanda Jones,React,Docker,14,GCP-ACE;AWS-SA,Allocated,0.2,London,Data Engineer,"14 years working with React and Docker, delivered projects in Public Sector domain."
EMP0282,Tammie Bright,Python,Node.js,8,Azure-AZ900;CKA;GCP-ACE,Allocated,0.07,Bangalore,ML Engineer,"8 years working with Python and Node.js, delivered projects in Finance domain."
EMP0283,Jessica Garcia,GCP,Spring,5,Azure-AZ900;Databricks-Associate;CKA,Allocated,0.07,London,ML Engineer,"5 years working with GCP and Spring, delivered projects in Public Sector domain."
EMP0284,Shelia Wallace,React,Spark,9,CKA;PMP;AWS-SA,Allocated,0.36,London,QA Engineer,"9 years working with React and Spark, delivered projects in Healthcare domain."
EMP0285,Stephanie Williams,Java,Terraform,4,Databricks-Associate;GCP-ACE;Azure-AZ900,Allocated,0.04,Remote,ML Engineer,"4 years working with Java and Terraform, delivered projects in Retail domain."
EMP0286,Elaine Brooks,React,FastAPI,1,GCP-ACE,Available,0.75,London,QA Engineer,"1 years working with React and FastAPI, delivered projects in Public Sector domain."
EMP0287,Joseph Knight,Azure,Kubernetes,6,CKA;Databricks-Associate,Allocated,0.5,Riyadh,Software Engineer,"6 years working with Azure and Kubernetes, delivered projects in Telecom domain."
EMP0288,Carolyn Miller,Java,Docker,7,AWS-SA,Allocated,0.73,Riyadh,Cloud Engineer,"7 years working with Java and Docker, delivered projects in Retail domain."
EMP0289,Lisa Allen,DevOps,Terraform,4,CKA;GCP-ACE;ScrumMaster,Available,0.72,Bangalore,Cloud Engineer,"4 years working with DevOps and Terraform, delivered projects in Healthcare domain."
EMP0290,Briana Murray,GCP,FastAPI,13,AWS-SA;ScrumMaster;GCP-ACE,Allocated,0.68,Dubai,Data Engineer,"13 years working with GCP and FastAPI, delivered projects in Public Sector domain."
EMP0291,David Smith,AWS,Spark,3,PMP;CKA,On Leave,0.23,Bangalore,Data Engineer,"3 years working with AWS and Spark, delivered projects in Finance domain."
EMP0292,Stephanie Byrd,React,Kubernetes,1,PMP;Azure-AZ900;CKA,Allocated,0.39,Remote,Data Engineer,"1 years working with React and Kubernetes, delivered projects in Finance domain."
EMP0293,Jeremy Reed,GCP,Terraform,12,PMP,Available,0.87,Dubai,Cloud Engineer,"12 years working with GCP and Terraform, delivered projects in Retail domain."
EMP0294,Margaret Coleman,Azure,Kubernetes,2,Databricks-Associate;CKA,Allocated,0.64,London,ML Engineer,"2 years working with Azure and Kubernetes, delivered projects in Public Sector domain."
EMP0295,Ryan Gonzalez,React,Spark,2,GCP-ACE;CKA,Allocated,0.81,Remote,Cloud Engineer,"2 years working with React and Spark, delivered projects in Public Sector domain."
EMP0296,John Young,Machine Learning,FastAPI,11,GCP-ACE,Available,0.31,Dubai,Cloud Engineer,"11 years working with Machine Learning and FastAPI, delivered projects in Finance domain."
EMP0297,Laura Haney,SQL,Kubernetes,7,Azure-AZ900;PMP;CKA,Available,0.49,London,Data Engineer,"7 years working with SQL and Kubernetes, delivered projects in Public Sector domain."
EMP0298,William Barrett,AWS,Kubernetes,5,Azure-AZ900,Available,0.45,Cairo,Cloud Engineer,"5 years working with AWS and Kubernetes, delivered projects in Healthcare domain."
EMP0299,Keith Jennings,DevOps,Spring,4,PMP;ScrumMaster,Allocated,0.41,Bangalore,ML Engineer,"4 years working with DevOps and Spring, delivered projects in Telecom domain."
EMP0300,Amber Obrien,DevOps,Spring,2,AWS-SA;Azure-AZ900;GCP-ACE,Available,0.22,Riyadh,Data Engineer,"2 years working with DevOps and Spring, delivered projects in Telecom domain."
EMP0301,Tanner Mitchell DDS,Machine Learning,Node.js,13,PMP;ScrumMaster,Available,0.11,London,Cloud Engineer,"13 years working with Machine Learning and Node.js, delivered projects in Public Sector domain."
EMP0302,Heather Fields,Python,Terraform,12,PMP;Azure-AZ900,On Leave,0.1,Remote,Data Engineer,"12 years working with Python and Terraform, delivered projects in Retail domain."
EMP0303,Megan Le,Python,Kubernetes,5,ScrumMaster;AWS-SA,Available,0.99,Dubai,Data Engineer,"5 years working with Python and Kubernetes, delivered projects in Public Sector domain."
EMP0304,Sara Fuller,Data Engineering,Terraform,12,Databricks-Associate;CKA;Azure-AZ900,Allocated,0.78,Dubai,Software Engineer,"12 years working with Data Engineering and Terraform, delivered projects in Public Sector domain."
EMP0305,Maria Parker,Data Engineering,Spark,5,PMP;Azure-AZ900;GCP-ACE,On Leave,0.29,London,Cloud Engineer,"5 years working with Data Engineering and Spark, delivered projects in Public Sector domain."
EMP0306,Kevin Oconnor,Java,Spring,13,AWS-SA;GCP-ACE,Allocated,0.13,Dubai,Data Engineer,"13 years working with Java and Spring, delivered projects in Finance domain."
EMP0307,Edward Burgess,Data Engineering,Terraform,4,CKA;ScrumMaster;Azure-AZ900,Allocated,0.27,Bangalore,ML Engineer,"4 years working with Data Engineering and Terraform, delivered projects in Telecom domain."
EMP0308,Carlos Ryan,Java,Node.js,13,CKA,Allocated,0.28,Riyadh,ML Engineer,"13 years working with Java and Node.js, delivered projects in Telecom domain."
EMP0309,Kiara Mcintyre,Data Engineering,Spark,1,AWS-SA;Databricks-Associate;CKA,Allocated,0.7,Cairo,QA Engineer,"1 years working with Data Engineering and Spark, delivered projects in Telecom domain."
EMP0310,Dawn Summers,Azure,Kubernetes,14,CKA,Available,0.83,Riyadh,QA Engineer,"14 years working with Azure and Kubernetes, delivered projects in Public Sector domain."
EMP0311,Dr. Paul Morgan,AWS,Spark,14,ScrumMaster;GCP-ACE,Allocated,0.76,Cairo,Software Engineer,"14 years working with AWS and Spark, delivered projects in Telecom domain."
EMP0312,Victor Taylor,Python,FastAPI,15,CKA,Allocated,0.99,Bangalore,Data Engineer,"15 years working with Python and FastAPI, delivered projects in Finance domain."
EMP0313,Shannon Ramsey,GCP,Spring,14,AWS-SA;Databricks-Associate,Available,0.08,Remote,Data Engineer,"14 years working with GCP and Spring, delivered projects in Healthcare domain."
EMP0314,Tracy Ballard,React,Node.js,5,Databricks-Associate;Azure-AZ900;CKA,Allocated,0.7,Cairo,Data Engineer,"5 years working with React and Node.js, delivered projects in Telecom domain."
EMP0315,Richard Smith,Java,Spring,10,PMP,Allocated,0.01,Remote,Cloud Engineer,"10 years working with Java and Spring, delivered projects in Healthcare domain."
EMP0316,Jordan Chambers,React,Node.js,3,AWS-SA;Azure-AZ900,Available,0.73,Cairo,Software Engineer,"3 years working with React and Node.js, delivered projects in Retail domain."
EMP0317,Lauren Carson,Data Engineering,Docker,3,ScrumMaster;Azure-AZ900,Allocated,0.68,Cairo,QA Engineer,"3 years working with Data Engineering and Docker, delivered projects in Public Sector domain."
EMP0318,Ashley Hall,Python,Spark,11,CKA,Available,0.21,Remote,Data Engineer,"11 years working with Python and Spark, delivered projects in Telecom domain."
EMP0319,Stephen Hoffman,Machine Learning,Node.js,8,AWS-SA,Allocated,0.14,Cairo,QA Engineer,"8 years working with Machine Learning and Node.js, delivered projects in Telecom domain."
EMP0320,Connie Brown,Data Engineering,Kubernetes,6,Azure-AZ900,Available,0.08,London,QA Engineer,"6 years working with Data Engineering and Kubernetes, delivered projects in Public Sector domain."
EMP0321,Susan Turner,Machine Learning,Docker,13,AWS-SA;Databricks-Associate;GCP-ACE,Available,0.61,Dubai,ML Engineer,"13 years working with Machine Learning and Docker, delivered projects in Retail domain."
EMP0322,Charles Shah,Python,Terraform,15,CKA,Available,0.24,Remote,QA Engineer,"15 years working with Python and Terraform, delivered projects in Healthcare domain."
EMP0323,Johnathan Davis,SQL,FastAPI,6,Azure-AZ900;CKA,Allocated,0.57,Riyadh,QA Engineer,"6 years working with SQL and FastAPI, delivered projects in Finance domain."
EMP0324,Brandy Chavez,DevOps,Terraform,2,PMP,Available,0.26,Cairo,Software Engineer,"2 years working with DevOps and Terraform, delivered projects in Telecom domain."
EMP0325,Natalie Bautista,SQL,Docker,11,PMP;CKA;Databricks-Associate,Allocated,0.08,London,QA Engineer,"11 years working with SQL and Docker, delivered projects in Public Sector domain."
EMP0326,Patrick Moore,AWS,Docker,2,AWS-SA;PMP,Allocated,0.97,Dubai,QA Engineer,"2 years working with AWS and Docker, delivered projects in Retail domain."
EMP0327,Brett Burns,React,Spark,11,Databricks-Associate;ScrumMaster;AWS-SA,Available,0.44,Dubai,Software Engineer,"11 years working with React and Spark, delivered projects in Finance domain."
EMP0328,Trevor Johnson,Java,Kubernetes,2,PMP;ScrumMaster,Available,0.67,Remote,Data Engineer,"2 years working with Java and Kubernetes, delivered projects in Healthcare domain."
EMP0329,Jeremy Sampson,Python,Node.js,3,AWS-SA;Azure-AZ900;CKA,On Leave,0.52,Remote,Cloud Engineer,"3 years working with Python and Node.js, delivered projects in Finance domain."
EMP0330,Ariana Jennings,Data Engineering,Spring,12,Databricks-Associate;AWS-SA,Allocated,0.03,Bangalore,Cloud Engineer,"12 years working with Data Engineering and Spring, delivered projects in Public Sector domain."
EMP0331,Vanessa Howard,Java,Docker,12,Databricks-Associate;AWS-SA;CKA,Allocated,0.36,Bangalore,QA Engineer,"12 years working with Java and Docker, delivered projects in Finance domain."
EMP0332,Colton Martinez,Data Engineering,Spring,5,PMP,Allocated,0.12,Remote,QA Engineer,"5 years working with Data Engineering and Spring, delivered projects in Healthcare domain."
EMP0333,Jordan Bates,Python,Terraform,14,Azure-AZ900,Available,0.36,Dubai,Data Engineer,"14 years working with Python and Terraform, delivered projects in Healthcare domain."
EMP0334,Linda Smith,SQL,Terraform,15,Databricks-Associate;ScrumMaster;CKA,Available,0.25,Remote,Cloud Engineer,"15 years working with SQL and Terraform, delivered projects in Retail domain."
EMP0335,Dana Martinez,Java,Spark,6,PMP,Allocated,0.05,Dubai,QA Engineer,"6 years working with Java and Spark, delivered projects in Healthcare domain."
EMP0336,Andrea Hubbard,React,FastAPI,15,ScrumMaster;GCP-ACE,Allocated,0.31,Cairo,QA Engineer,"15 years working with React and FastAPI, delivered projects in Telecom domain."
EMP0337,Daniel Kane,Python,Docker,4,PMP;GCP-ACE,Allocated,0.24,Riyadh,QA Engineer,"4 years working with Python and Docker, delivered projects in Telecom domain."
EMP0338,Charles Lester,Azure,Node.js,15,ScrumMaster;Azure-AZ900;Databricks-Associate,Available,0.41,Dubai,QA Engineer,"15 years working with Azure and Node.js, delivered projects in Retail domain."
EMP0339,Scott Thomas,Python,Docker,1,CKA;Databricks-Associate;GCP-ACE,Available,0.53,Dubai,ML Engineer,"1 years working with Python and Docker, delivered projects in Telecom domain."
EMP0340,David Thompson,Python,Spring,12,AWS-SA;ScrumMaster,Allocated,0.9,London,ML Engineer,"12 years working with Python and Spring, delivered projects in Retail domain."
EMP0341,Allison Smith,DevOps,Node.js,2,AWS-SA;PMP;Azure-AZ900,Allocated,0.39,London,QA Engineer,"2 years working with DevOps and Node.js, delivered projects in Healthcare domain."
EMP0342,Cynthia Morris,React,Node.js,3,GCP-ACE,Available,0.32,Bangalore,Cloud Engineer,"3 years working with React and Node.js, delivered projects in Retail domain."
EMP0343,Anthony Harmon,DevOps,Docker,4,Azure-AZ900,Available,0.77,Cairo,Data Engineer,"4 years working with DevOps and Docker, delivered projects in Healthcare domain."
EMP0344,Nichole Alvarez,AWS,Kubernetes,8,CKA;AWS-SA,Allocated,0.96,Dubai,ML Engineer,"8 years working with AWS and Kubernetes, delivered projects in Retail domain."
EMP0345,Kayla Rodriguez,DevOps,Docker,14,AWS-SA,Available,0.69,Remote,QA Engineer,"14 years working with DevOps and Docker, delivered projects in Healthcare domain."
EMP0346,Theresa Williams,Azure,Terraform,14,Azure-AZ900;AWS-SA,Allocated,0.97,Bangalore,QA Engineer,"14 years working with Azure and Terraform, delivered projects in Healthcare domain."
EMP0347,Sharon Boyd,GCP,Docker,14,AWS-SA,On Leave,0.85,London,QA Engineer,"14 years working with GCP and Docker, delivered projects in Finance domain."
EMP0348,Victor Brown,Java,Kubernetes,2,AWS-SA,Available,0.83,Dubai,Data Engineer,"2 years working with Java and Kubernetes, delivered projects in Finance domain."
EMP0349,James Parks,React,Docker,11,Databricks-Associate;AWS-SA;PMP,Allocated,0.92,Cairo,Software Engineer,"11 years working with React and Docker, delivered projects in Healthcare domain."
EMP0350,Theodore Jones Jr.,Azure,Node.js,8,AWS-SA,Allocated,0.83,Riyadh,Software Engineer,"8 years working with Azure and Node.js, delivered projects in Healthcare domain."
EMP0351,Ana Hill,DevOps,FastAPI,3,CKA;Databricks-Associate;ScrumMaster,Allocated,0.38,Bangalore,Data Engineer,"3 years working with DevOps and FastAPI, delivered projects in Retail domain."
EMP0352,Kimberly Nguyen,Azure,Spring,5,CKA;Azure-AZ900,Available,0.62,Dubai,Cloud Engineer,"5 years working with Azure and Spring, delivered projects in Telecom domain."
EMP0353,Kerry Chavez DDS,React,Spark,8,AWS-SA,Available,0.14,Dubai,QA Engineer,"8 years working with React and Spark, delivered projects in Finance domain."
EMP0354,Michael Farrell,SQL,Terraform,1,ScrumMaster;Databricks-Associate,Available,0.54,Bangalore,Cloud Engineer,"1 years working with SQL and Terraform, delivered projects in Public Sector domain."
EMP0355,Patricia Le,SQL,Docker,7,Azure-AZ900;AWS-SA,Available,0.22,Riyadh,Software Engineer,"7 years working with SQL and Docker, delivered projects in Telecom domain."
EMP0356,Jesse Perez,SQL,Docker,13,Azure-AZ900;ScrumMaster;AWS-SA,Available,0.24,London,Software Engineer,"13 years working with SQL and Docker, delivered projects in Finance domain."
EMP0357,Jesse Perry,Machine Learning,Terraform,13,GCP-ACE;Azure-AZ900,Available,0.59,Remote,Cloud Engineer,"13 years working with Machine Learning and Terraform, delivered projects in Public Sector domain."
EMP0358,Jeffery Ortega,Python,Node.js,12,PMP;ScrumMaster,Available,0.95,Bangalore,QA Engineer,"12 years working with Python and Node.js, delivered projects in Retail domain."
EMP0359,Christian Leblanc,AWS,Kubernetes,1,AWS-SA,Available,0.22,London,ML Engineer,"1 years working with AWS and Kubernetes, delivered projects in Healthcare domain."
EMP0360,Ronald Davis,Data Engineering,Spark,4,GCP-ACE,Allocated,0.92,Riyadh,Software Engineer,"4 years working with Data Engineering and Spark, delivered projects in Healthcare domain."
EMP0361,Parker Cain,AWS,Spark,12,ScrumMaster,Available,0.53,Riyadh,Software Engineer,"12 years working with AWS and Spark, delivered projects in Retail domain."
EMP0362,Laurie Hoffman,React,Spark,2,GCP-ACE;ScrumMaster,Available,0.16,Bangalore,ML Engineer,"2 years working with React and Spark, delivered projects in Retail domain."
EMP0363,Bryan Gomez,AWS,Node.js,9,PMP;GCP-ACE;Azure-AZ900,Allocated,0.81,Bangalore,Cloud Engineer,"9 years working with AWS and Node.js, delivered projects in Retail domain."
EMP0364,Nicole Parrish,AWS,Spring,12,Databricks-Associate,Allocated,0.39,London,Software Engineer,"12 years working with AWS and Spring, delivered projects in Finance domain."
EMP0365,Tracy Burke,Machine Learning,Docker,15,Azure-AZ900;Databricks-Associate;PMP,Available,0.5,Riyadh,Software Engineer,"15 years working with Machine Learning and Docker, delivered projects in Finance domain."
EMP0366,Kenneth Lewis,Data Engineering,Docker,3,AWS-SA;Databricks-Associate;GCP-ACE,Available,0.27,Dubai,Software Engineer,"3 years working with Data Engineering and Docker, delivered projects in Retail domain."
EMP0367,Courtney Rodriguez,GCP,Terraform,2,AWS-SA;ScrumMaster;CKA,Available,0.42,Dubai,ML Engineer,"2 years working with GCP and Terraform, delivered projects in Telecom domain."
EMP0368,Holly Farmer,React,Docker,9,AWS-SA;CKA,Allocated,0.58,Remote,Data Engineer,"9 years working with React and Docker, delivered projects in Finance domain."
EMP0369,Renee Bruce,DevOps,FastAPI,13,GCP-ACE,Available,0.26,Cairo,Software Engineer,"13 years working with DevOps and FastAPI, delivered projects in Retail domain."
EMP0370,Sabrina Austin,AWS,Kubernetes,3,AWS-SA;PMP;ScrumMaster,Available,0.99,Bangalore,Software Engineer,"3 years working with AWS and Kubernetes, delivered projects in Telecom domain."
EMP0371,Allison Hickman,AWS,Spark,15,Azure-AZ900;AWS-SA,Available,0.21,Dubai,ML Engineer,"15 years working with AWS and Spark, delivered projects in Public Sector domain."
EMP0372,Debra White,SQL,Docker,11,GCP-ACE;Azure-AZ900,Available,0.39,London,ML Engineer,"11 years working with SQL and Docker, delivered projects in Finance domain."
EMP0373,Ellen Morgan,Python,Docker,1,AWS-SA;GCP-ACE,Allocated,0.63,Bangalore,Data Engineer,"1 years working with Python and Docker, delivered projects in Healthcare domain."
EMP0374,Sergio Knight,Python,Spring,3,GCP-ACE;AWS-SA;CKA,Allocated,0.31,Bangalore,ML Engineer,"3 years working with Python and Spring, delivered projects in Telecom domain."
EMP0375,Charles Schultz,GCP,FastAPI,11,CKA;Azure-AZ900;GCP-ACE,Allocated,0.37,Bangalore,Software Engineer,"11 years working with GCP and FastAPI, delivered projects in Retail domain."
EMP0376,Paul Lewis,DevOps,Kubernetes,5,ScrumMaster,Available,0.06,Remote,Software Engineer,"5 years working with DevOps and Kubernetes, delivered projects in Healthcare domain."
EMP0377,Glen Wood,Data Engineering,Terraform,9,ScrumMaster;PMP,Available,0.06,Bangalore,QA Engineer,"9 years working with Data Engineering and Terraform, delivered projects in Telecom domain."
EMP0378,Paula Bradley,SQL,Node.js,14,PMP;Azure-AZ900,Allocated,0.08,Remote,Software Engineer,"14 years working with SQL and Node.js, delivered projects in Public Sector domain."
EMP0379,Anthony Moore,Machine Learning,Spark,13,Databricks-Associate;PMP;Azure-AZ900,Available,0.76,Dubai,Data Engineer,"13 years working with Machine Learning and Spark, delivered projects in Finance domain."
EMP0380,Megan Nelson,Azure,Spring,1,AWS-SA;Databricks-Associate,Available,1.0,Remote,Data Engineer,"1 years working with Azure and Spring, delivered projects in Public Sector domain."
EMP0381,Karla Ramos,GCP,Docker,15,ScrumMaster;AWS-SA;Databricks-Associate,Available,0.4,Riyadh,Cloud Engineer,"15 years working with GCP and Docker, delivered projects in Public Sector domain."
EMP0382,Paul Wilson,DevOps,Terraform,1,PMP;ScrumMaster;Databricks-Associate,Allocated,0.11,Dubai,Data Engineer,"1 years working with DevOps and Terraform, delivered projects in Public Sector domain."
EMP0383,Douglas Gregory,Machine Learning,Spark,13,AWS-SA,Allocated,0.1,Riyadh,QA Engineer,"13 years working with Machine Learning and Spark, delivered projects in Retail domain."
EMP0384,Mr. Andrew Foster,React,Docker,7,CKA;PMP;Databricks-Associate,Allocated,0.17,Bangalore,Data Engineer,"7 years working with React and Docker, delivered projects in Public Sector domain."
EMP0385,Aimee Turner,Machine Learning,Node.js,12,AWS-SA;CKA,Allocated,0.33,Dubai,Software Engineer,"12 years working with Machine Learning and Node.js, delivered projects in Telecom domain."
EMP0386,Chad Scott,GCP,Docker,1,ScrumMaster;GCP-ACE,Available,0.84,Remote,Software Engineer,"1 years working with GCP and Docker, delivered projects in Finance domain."
EMP0387,Adam Burgess,AWS,Docker,12,ScrumMaster;GCP-ACE,Available,0.42,Remote,Software Engineer,"12 years working with AWS and Docker, delivered projects in Finance domain."
EMP0388,James Padilla,DevOps,Spring,15,Databricks-Associate;CKA,Allocated,0.87,Cairo,QA Engineer,"15 years working with DevOps and Spring, delivered projects in Finance domain."
EMP0389,Sandra Drake,Java,Docker,12,CKA;Azure-AZ900;PMP,Allocated,0.03,Dubai,Data Engineer,"12 years working with Java and Docker, delivered projects in Healthcare domain."
EMP0390,Scott Williams,Azure,FastAPI,8,GCP-ACE,Allocated,0.27,Bangalore,QA Engineer,"8 years working with Azure and FastAPI, delivered projects in Telecom domain."
EMP0391,Thomas Atkins,Java,Node.js,1,GCP-ACE,Allocated,0.45,Bangalore,QA Engineer,"1 years working with Java and Node.js, delivered projects in Public Sector domain."
EMP0392,Laura Mckinney,Data Engineering,Docker,3,Databricks-Associate;ScrumMaster,Available,0.03,Cairo,Data Engineer,"3 years working with Data Engineering and Docker, delivered projects in Public Sector domain."
EMP0393,Brian Smith,Azure,Terraform,4,Azure-AZ900;Databricks-Associate;ScrumMaster,Available,0.41,Cairo,Software Engineer,"4 years working with Azure and Terraform, delivered projects in Telecom domain."
EMP0394,Robert Montgomery,AWS,Node.js,3,ScrumMaster;AWS-SA;Azure-AZ900,Available,0.81,Riyadh,Cloud Engineer,"3 years working with AWS and Node.js, delivered projects in Telecom domain."
EMP0395,Tamara Davis,React,Terraform,6,GCP-ACE;Azure-AZ900,Allocated,0.68,London,ML Engineer,"6 years working with React and Terraform, delivered projects in Public Sector domain."
EMP0396,Dana Chapman,Java,FastAPI,9,ScrumMaster;GCP-ACE;PMP,Allocated,0.61,Riyadh,Software Engineer,"9 years working with Java and FastAPI, delivered projects in Telecom domain."
EMP0397,Jennifer Collins,Java,Docker,5,GCP-ACE;ScrumMaster;Databricks-Associate,Allocated,0.95,Remote,Cloud Engineer,"5 years working with Java and Docker, delivered projects in Finance domain."
EMP0398,Gary Jackson,AWS,Spark,13,AWS-SA,Allocated,0.8,London,ML Engineer,"13 years working with AWS and Spark, delivered projects in Retail domain."
EMP0399,Ashley Hicks,AWS,Node.js,1,CKA;GCP-ACE;Databricks-Associate,Allocated,0.4,Remote,Software Engineer,"1 years working with AWS and Node.js, delivered projects in Public Sector domain."
EMP0400,Hannah Luna,Machine Learning,Terraform,4,Databricks-Associate;ScrumMaster,Available,0.53,Bangalore,Cloud Engineer,"4 years working with Machine Learning and Terraform, delivered projects in Public Sector domain."
EMP0401,Robin Young,GCP,Terraform,3,PMP;Azure-AZ900;GCP-ACE,Available,0.13,Riyadh,QA Engineer,"3 years working with GCP and Terraform, delivered projects in Finance domain."
EMP0402,Craig Morrison,Data Engineering,Node.js,2,GCP-ACE,Available,0.87,Bangalore,Cloud Engineer,"2 years working with Data Engineering and Node.js, delivered projects in Retail domain."
EMP0403,Mary Thompson,GCP,Spark,5,ScrumMaster;AWS-SA,Allocated,0.87,London,QA Engineer,"5 years working with GCP and Spark, delivered projects in Public Sector domain."
EMP0404,Kathleen Webster,Java,Kubernetes,15,PMP,Available,0.68,London,Cloud Engineer,"15 years working with Java and Kubernetes, delivered projects in Telecom domain."
EMP0405,Joann Glass,Python,Terraform,14,Azure-AZ900,On Leave,0.34,London,ML Engineer,"14 years working with Python and Terraform, delivered projects in Finance domain."
EMP0406,Madison Weber,Data Engineering,Terraform,12,ScrumMaster,Available,0.33,Dubai,Cloud Engineer,"12 years working with Data Engineering and Terraform, delivered projects in Healthcare domain."
EMP0407,Lori Hernandez,Python,Kubernetes,5,ScrumMaster,Allocated,0.58,Dubai,ML Engineer,"5 years working with Python and Kubernetes, delivered projects in Healthcare domain."
EMP0408,Jeremy Turner,AWS,Spark,7,CKA;ScrumMaster;Databricks-Associate,On Leave,0.38,Cairo,QA Engineer,"7 years working with AWS and Spark, delivered projects in Finance domain."
EMP0409,Anthony Romero,Data Engineering,FastAPI,15,ScrumMaster;PMP,Available,0.68,Remote,Data Engineer,"15 years working with Data Engineering and FastAPI, delivered projects in Finance domain."
EMP0410,Jesse Brown,Data Engineering,Docker,3,CKA,Allocated,0.31,Cairo,Software Engineer,"3 years working with Data Engineering and Docker, delivered projects in Retail domain."
EMP0411,Angela Lin,GCP,Kubernetes,12,PMP;ScrumMaster;GCP-ACE,Available,0.69,Dubai,Cloud Engineer,"12 years working with GCP and Kubernetes, delivered projects in Telecom domain."
EMP0412,Lisa Hunter,Data Engineering,Terraform,4,ScrumMaster,Available,0.23,Remote,Data Engineer,"4 years working with Data Engineering and Terraform, delivered projects in Finance domain."
EMP0413,Julian Conner,Python,Spark,9,AWS-SA,Available,0.65,Cairo,ML Engineer,"9 years working with Python and Spark, delivered projects in Retail domain."
EMP0414,Joanna Pacheco,SQL,Spark,1,AWS-SA;Databricks-Associate;ScrumMaster,Allocated,0.02,Remote,Software Engineer,"1 years working with SQL and Spark, delivered projects in Telecom domain."
EMP0415,Erica Alvarez,DevOps,Kubernetes,2,GCP-ACE;CKA;Azure-AZ900,Available,0.69,Cairo,Cloud Engineer,"2 years working with DevOps and Kubernetes, delivered projects in Telecom domain."
EMP0416,Antonio Garcia,Java,Node.js,9,PMP;ScrumMaster,Allocated,0.42,Cairo,QA Engineer,"9 years working with Java and Node.js, delivered projects in Public Sector domain."
EMP0417,Gwendolyn Klein,Java,Docker,2,CKA,Available,0.2,Riyadh,QA Engineer,"2 years working with Java and Docker, delivered projects in Finance domain."
EMP0418,Carrie Wright,Data Engineering,Node.js,7,Azure-AZ900;AWS-SA,Allocated,0.91,Remote,ML Engineer,"7 years working with Data Engineering and Node.js, delivered projects in Retail domain."
EMP0419,Jeffrey Mills,Azure,FastAPI,1,AWS-SA;ScrumMaster;PMP,Allocated,0.15,Cairo,QA Engineer,"1 years working with Azure and FastAPI, delivered projects in Healthcare domain."
EMP0420,Jake Campbell,Java,Docker,11,CKA,On Leave,0.3,Bangalore,Software Engineer,"11 years working with Java and Docker, delivered projects in Healthcare domain."
EMP0421,George Harper,AWS,Terraform,1,GCP-ACE;Databricks-Associate,Available,0.74,Cairo,Software Engineer,"1 years working with AWS and Terraform, delivered projects in Healthcare domain."
EMP0422,Maria Jones,AWS,Node.js,11,GCP-ACE,Available,0.44,London,Cloud Engineer,"11 years working with AWS and Node.js, delivered projects in Healthcare domain."
EMP0423,Michael Mitchell,Data Engineering,Terraform,6,AWS-SA,Available,0.96,Riyadh,ML Engineer,"6 years working with Data Engineering and Terraform, delivered projects in Telecom domain."
EMP0424,Mary Escobar,React,Node.js,15,AWS-SA,Available,0.73,Dubai,Software Engineer,"15 years working with React and Node.js, delivered projects in Telecom domain."
EMP0425,Felicia Aguilar,Machine Learning,Kubernetes,13,Databricks-Associate;CKA;Azure-AZ900,Allocated,0.78,London,Software Engineer,"13 years working with Machine Learning and Kubernetes, delivered projects in Finance domain."
EMP0426,Gregory Ponce,DevOps,Kubernetes,2,CKA;AWS-SA,Available,0.65,Cairo,QA Engineer,"2 years working with DevOps and Kubernetes, delivered projects in Public Sector domain."
EMP0427,Jenna Larson,Machine Learning,Spring,11,PMP;ScrumMaster,Allocated,0.62,Bangalore,Data Engineer,"11 years working with Machine Learning and Spring, delivered projects in Telecom domain."
EMP0428,Emily Bennett,Data Engineering,Node.js,11,CKA;Azure-AZ900;PMP,Allocated,0.61,Cairo,Data Engineer,"11 years working with Data Engineering and Node.js, delivered projects in Public Sector domain."
EMP0429,Robin Santiago,DevOps,Terraform,8,AWS-SA,Allocated,0.32,Riyadh,Cloud Engineer,"8 years working with DevOps and Terraform, delivered projects in Healthcare domain."
EMP0430,Nancy Jennings,SQL,Spring,9,CKA;ScrumMaster;Azure-AZ900,Available,0.44,London,ML Engineer,"9 years working with SQL and Spring, delivered projects in Healthcare domain."
EMP0431,Maria Henderson,DevOps,Kubernetes,6,CKA,Allocated,0.02,Bangalore,ML Engineer,"6 years working with DevOps and Kubernetes, delivered projects in Healthcare domain."
EMP0432,Jack White,SQL,Spark,1,ScrumMaster,Allocated,0.62,Riyadh,QA Engineer,"1 years working with SQL and Spark, delivered projects in Public Sector domain."
EMP0433,Travis Tucker,Azure,Node.js,11,GCP-ACE;ScrumMaster,Allocated,0.82,Bangalore,Cloud Engineer,"11 years working with Azure and Node.js, delivered projects in Public Sector domain."
EMP0434,Chad Jones,Machine Learning,Spark,8,Databricks-Associate;GCP-ACE;CKA,Available,0.76,Dubai,Software Engineer,"8 years working with Machine Learning and Spark, delivered projects in Retail domain."
EMP0435,Ashley Wise,Data Engineering,Terraform,11,PMP;ScrumMaster,Available,0.11,Dubai,ML Engineer,"11 years working with Data Engineering and Terraform, delivered projects in Finance domain."
EMP0436,Sophia Johnson,React,FastAPI,5,Azure-AZ900;ScrumMaster;AWS-SA,Allocated,0.39,Bangalore,Data Engineer,"5 years working with React and FastAPI, delivered projects in Retail domain."
EMP0437,Ralph Anderson,Java,Terraform,7,Databricks-Associate,Allocated,0.59,Bangalore,ML Engineer,"7 years working with Java and Terraform, delivered projects in Public Sector domain."
EMP0438,Christopher Guerra,SQL,Spring,8,PMP,Allocated,0.55,Bangalore,QA Engineer,"8 years working with SQL and Spring, delivered projects in Telecom domain."
EMP0439,Rhonda Martin,SQL,Terraform,15,Databricks-Associate,Allocated,0.73,Dubai,Software Engineer,"15 years working with SQL and Terraform, delivered projects in Telecom domain."
EMP0440,Jason Rhodes,Machine Learning,Spark,15,PMP;CKA,Available,0.61,Remote,Data Engineer,"15 years working with Machine Learning and Spark, delivered projects in Retail domain."
EMP0441,Jeremy Mitchell,React,Docker,5,ScrumMaster;Azure-AZ900,Available,0.6,Remote,QA Engineer,"5 years working with React and Docker, delivered projects in Retail domain."
EMP0442,Joann Ferguson,SQL,Terraform,6,Databricks-Associate;PMP;Azure-AZ900,Available,0.62,Riyadh,Cloud Engineer,"6 years working with SQL and Terraform, delivered projects in Finance domain."
EMP0443,Robert Harrison,AWS,Spark,9,Databricks-Associate;GCP-ACE;AWS-SA,Allocated,0.56,London,QA Engineer,"9 years working with AWS and Spark, delivered projects in Telecom domain."
EMP0444,Holly Valentine,SQL,Docker,15,ScrumMaster;AWS-SA,Allocated,0.03,Dubai,Software Engineer,"15 years working with SQL and Docker, delivered projects in Healthcare domain."
EMP0445,Mrs. Diane Reyes,Azure,Docker,13,GCP-ACE,Allocated,0.15,Cairo,Cloud Engineer,"13 years working with Azure and Docker, delivered projects in Finance domain."
EMP0446,Tracy Montoya,SQL,FastAPI,6,AWS-SA;PMP,Allocated,0.74,Dubai,QA Engineer,"6 years working with SQL and FastAPI, delivered projects in Telecom domain."
EMP0447,Brenda Wright,Azure,Spark,13,GCP-ACE;Databricks-Associate;AWS-SA,Allocated,0.39,Remote,Cloud Engineer,"13 years working with Azure and Spark, delivered projects in Public Sector domain."
EMP0448,Shelly Spencer,Python,FastAPI,12,Azure-AZ900;PMP,Allocated,0.86,Bangalore,Data Engineer,"12 years working with Python and FastAPI, delivered projects in Retail domain."
EMP0449,Ryan Rosales,Machine Learning,Spark,12,Azure-AZ900;Databricks-Associate;ScrumMaster,Available,0.18,Remote,Software Engineer,"12 years working with Machine Learning and Spark, delivered projects in Finance domain."
EMP0450,Phillip Nelson,AWS,Node.js,9,CKA,Available,0.28,Riyadh,Data Engineer,"9 years working with AWS and Node.js, delivered projects in Finance domain."
EMP0451,Brittany Kim,Machine Learning,Terraform,5,GCP-ACE,Allocated,0.94,Cairo,Data Engineer,"5 years working with Machine Learning and Terraform, delivered projects in Retail domain."
EMP0452,Courtney Hayes,Machine Learning,FastAPI,13,PMP;Databricks-Associate;GCP-ACE,Allocated,0.57,Riyadh,Software Engineer,"13 years working with Machine Learning and FastAPI, delivered projects in Retail domain."
EMP0453,Alexander Brown,SQL,Spring,3,AWS-SA;PMP;Azure-AZ900,Available,0.54,Cairo,Cloud Engineer,"3 years working with SQL and Spring, delivered projects in Finance domain."
EMP0454,Cynthia Vang,Azure,Node.js,6,GCP-ACE;ScrumMaster,Available,0.75,London,ML Engineer,"6 years working with Azure and Node.js, delivered projects in Public Sector domain."
EMP0455,Alfred Galvan,Python,FastAPI,11,CKA;Azure-AZ900,Allocated,0.61,London,Data Engineer,"11 years working with Python and FastAPI, delivered projects in Healthcare domain."
EMP0456,Marie Moody,Data Engineering,Kubernetes,15,CKA,Available,0.72,Cairo,QA Engineer,"15 years working with Data Engineering and Kubernetes, delivered projects in Retail domain."
EMP0457,Dustin Gallegos,SQL,Terraform,9,CKA;AWS-SA,Available,0.65,Riyadh,QA Engineer,"9 years working with SQL and Terraform, delivered projects in Healthcare domain."
EMP0458,Brenda Thornton,Java,Spring,13,PMP;AWS-SA;Databricks-Associate,Available,0.63,Dubai,ML Engineer,"13 years working with Java and Spring, delivered projects in Healthcare domain."
EMP0459,Aaron Miller,Azure,Spark,14,Databricks-Associate;CKA;AWS-SA,Allocated,0.15,Bangalore,Cloud Engineer,"14 years working with Azure and Spark, delivered projects in Healthcare domain."
EMP0460,Ruben Dunn,Java,FastAPI,1,ScrumMaster,Available,0.07,Dubai,Cloud Engineer,"1 years working with Java and FastAPI, delivered projects in Telecom domain."
EMP0461,Kelsey Rodriguez,React,Kubernetes,11,CKA;GCP-ACE,Available,0.67,London,Software Engineer,"11 years working with React and Kubernetes, delivered projects in Public Sector domain."
EMP0462,Eric Williams,Java,Terraform,12,AWS-SA;Databricks-Associate;ScrumMaster,Available,0.5,Riyadh,Cloud Engineer,"12 years working with Java and Terraform, delivered projects in Public Sector domain."
EMP0463,Riley Bryant,Java,Docker,13,CKA;ScrumMaster,Allocated,0.03,Dubai,QA Engineer,"13 years working with Java and Docker, delivered projects in Finance domain."
EMP0464,Taylor Carlson,AWS,Node.js,7,GCP-ACE;Databricks-Associate;Azure-AZ900,Available,0.89,Remote,Cloud Engineer,"7 years working with AWS and Node.js, delivered projects in Healthcare domain."
EMP0465,Jose Allen,SQL,Terraform,9,AWS-SA,Available,0.57,Bangalore,QA Engineer,"9 years working with SQL and Terraform, delivered projects in Public Sector domain."
EMP0466,Jeffrey Mendez,Java,Docker,4,Databricks-Associate;ScrumMaster;GCP-ACE,Available,0.91,London,Data Engineer,"4 years working with Java and Docker, delivered projects in Finance domain."
EMP0467,Jason Beck,AWS,Spring,10,Azure-AZ900;AWS-SA,Available,0.8,Cairo,QA Engineer,"10 years working with AWS and Spring, delivered projects in Telecom domain."
EMP0468,William Jones,SQL,FastAPI,5,AWS-SA;GCP-ACE;ScrumMaster,Available,0.58,Riyadh,Cloud Engineer,"5 years working with SQL and FastAPI, delivered projects in Finance domain."
EMP0469,Katie Mcneil,Azure,FastAPI,5,AWS-SA;Azure-AZ900;GCP-ACE,Allocated,0.33,Remote,Cloud Engineer,"5 years working with Azure and FastAPI, delivered projects in Public Sector domain."
EMP0470,Jeanette Harrison,AWS,Spark,10,ScrumMaster;GCP-ACE,On Leave,0.17,Riyadh,Data Engineer,"10 years working with AWS and Spark, delivered projects in Finance domain."
EMP0471,Veronica King,React,Docker,14,Azure-AZ900;Databricks-Associate,Allocated,0.88,Bangalore,ML Engineer,"14 years working with React and Docker, delivered projects in Retail domain."
EMP0472,Richard Cooper,GCP,Kubernetes,9,Azure-AZ900,Allocated,0.08,Riyadh,Data Engineer,"9 years working with GCP and Kubernetes, delivered projects in Public Sector domain."
EMP0473,Lori Ingram,Azure,Docker,12,AWS-SA;Databricks-Associate;ScrumMaster,Allocated,0.85,Remote,Software Engineer,"12 years working with Azure and Docker, delivered projects in Public Sector domain."
EMP0474,Evelyn Williams,Machine Learning,Kubernetes,13,Azure-AZ900;AWS-SA;PMP,Available,0.89,London,ML Engineer,"13 years working with Machine Learning and Kubernetes, delivered projects in Finance domain."
EMP0475,Robin Thompson,Data Engineering,Kubernetes,4,Databricks-Associate;GCP-ACE;Azure-AZ900,Allocated,0.51,Bangalore,Cloud Engineer,"4 years working with Data Engineering and Kubernetes, delivered projects in Public Sector domain."
EMP0476,Julie Dominguez,Python,Node.js,4,Databricks-Associate;Azure-AZ900;PMP,Available,0.16,London,QA Engineer,"4 years working with Python and Node.js, delivered projects in Finance domain."
EMP0477,Robin Brown,DevOps,Docker,1,ScrumMaster,Allocated,0.06,Riyadh,Data Engineer,"1 years working with DevOps and Docker, delivered projects in Healthcare domain."
EMP0478,Judith Carter,Azure,Spark,15,CKA;ScrumMaster,Allocated,0.88,Cairo,Cloud Engineer,"15 years working with Azure and Spark, delivered projects in Healthcare domain."
EMP0479,Curtis Williams,SQL,Node.js,14,ScrumMaster;Databricks-Associate,Available,0.54,Dubai,ML Engineer,"14 years working with SQL and Node.js, delivered projects in Telecom domain."
EMP0480,Kaylee Hays,Data Engineering,Spark,11,PMP,Available,0.97,Dubai,QA Engineer,"11 years working with Data Engineering and Spark, delivered projects in Telecom domain."
EMP0481,Dawn Mullins,Data Engineering,Terraform,14,CKA;ScrumMaster,Allocated,0.01,Dubai,ML Engineer,"14 years working with Data Engineering and Terraform, delivered projects in Finance domain."
EMP0482,Howard Norman,Azure,FastAPI,9,GCP-ACE;Azure-AZ900;Databricks-Associate,Available,0.36,Remote,Software Engineer,"9 years working with Azure and FastAPI, delivered projects in Finance domain."
EMP0483,Evelyn Martinez,React,Terraform,6,AWS-SA;CKA;Databricks-Associate,Allocated,0.59,Remote,ML Engineer,"6 years working with React and Terraform, delivered projects in Healthcare domain."
EMP0484,Steve Paul,Azure,FastAPI,3,PMP;Azure-AZ900;Databricks-Associate,Allocated,0.04,London,Data Engineer,"3 years working with Azure and FastAPI, delivered projects in Healthcare domain."
EMP0485,Jasmine Beltran,AWS,Docker,15,PMP,On Leave,0.6,London,Software Engineer,"15 years working with AWS and Docker, delivered projects in Retail domain."
EMP0486,Jonathan Glass MD,Java,Spring,8,CKA;ScrumMaster;Azure-AZ900,Available,0.41,Dubai,QA Engineer,"8 years working with Java and Spring, delivered projects in Finance domain."
EMP0487,Monica Miller,Machine Learning,Node.js,9,Azure-AZ900;Databricks-Associate,Allocated,0.92,London,QA Engineer,"9 years working with Machine Learning and Node.js, delivered projects in Healthcare domain."
EMP0488,Samantha Gardner,Azure,Kubernetes,7,AWS-SA,Available,0.52,London,ML Engineer,"7 years working with Azure and Kubernetes, delivered projects in Finance domain."
EMP0489,Bobby Guerrero,Machine Learning,FastAPI,3,PMP;ScrumMaster,Available,0.78,London,Software Engineer,"3 years working with Machine Learning and FastAPI, delivered projects in Healthcare domain."
EMP0490,Lance Simmons,DevOps,Node.js,3,PMP;AWS-SA;CKA,Allocated,0.37,Cairo,QA Engineer,"3 years working with DevOps and Node.js, delivered projects in Telecom domain."
EMP0491,Heather Williams,Azure,Terraform,8,GCP-ACE;PMP,Allocated,0.91,Remote,QA Engineer,"8 years working with Azure and Terraform, delivered projects in Healthcare domain."
EMP0492,Heather Bolton,React,Spring,5,ScrumMaster;Azure-AZ900,Allocated,0.08,London,QA Engineer,"5 years working with React and Spring, delivered projects in Telecom domain."
EMP0493,William Gould,GCP,Spring,1,Databricks-Associate;AWS-SA;PMP,Allocated,0.52,Bangalore,Data Engineer,"1 years working with GCP and Spring, delivered projects in Retail domain."
EMP0494,Mark Cox,React,Docker,2,CKA,Allocated,0.25,London,ML Engineer,"2 years working with React and Docker, delivered projects in Public Sector domain."
EMP0495,Meghan Cisneros,Data Engineering,Spark,5,CKA;Azure-AZ900;ScrumMaster,Allocated,0.56,Dubai,Cloud Engineer,"5 years working with Data Engineering and Spark, delivered projects in Public Sector domain."
EMP0496,Lawrence Harrington,SQL,Kubernetes,5,PMP;GCP-ACE,Allocated,0.4,Dubai,Software Engineer,"5 years working with SQL and Kubernetes, delivered projects in Finance domain."
EMP0497,Austin Osborne,DevOps,Terraform,12,AWS-SA,Available,0.4,Riyadh,QA Engineer,"12 years working with DevOps and Terraform, delivered projects in Public Sector domain."
EMP0498,James Bradley,Python,Spring,7,AWS-SA;ScrumMaster;Azure-AZ900,Allocated,0.6,Cairo,Software Engineer,"7 years working with Python and Spring, delivered projects in Retail domain."
EMP0499,Meghan Rush,Azure,Docker,2,AWS-SA;Databricks-Associate;CKA,Allocated,0.4,Remote,QA Engineer,"2 years working with Azure and Docker, delivered projects in Retail domain."
EMP0500,Phillip Berry,Machine Learning,FastAPI,13,Databricks-Associate,Allocated,0.01,Remote,QA Engineer,"13 years working with Machine Learning and FastAPI, delivered projects in Retail domain."
